fullName,nationalBest,prefecture,regionalBest,shortName,year
北海道滝川西高等学校,64,北北海道,1,滝川西,2017
白樺学園高等学校,,北北海道,2,白樺学園,2017
旭川龍谷高等学校,,北北海道,4,旭川龍谷,2017
旭川大学高等学校,,北北海道,4,旭川大高,2017
武修館高等学校,,北北海道,8,武修館,2017
北海道網走南ケ丘高等学校,,北北海道,8,網走南ヶ丘,2017
北海道釧路北陽高等学校,,北北海道,8,釧路北陽,2017
帯広大谷高等学校,,北北海道,8,帯広大谷,2017
クラーク記念国際高等学校,32,北北海道,1,クラーク記念国際,2016
北海道滝川西高等学校,,北北海道,2,滝川西,2016
,,北北海道,4,江陵,2016
旭川実業高等学校,,北北海道,4,旭川実,2016
北海道釧路工業高等学校,,北北海道,8,釧路工,2016
旭川大学高等学校,,北北海道,8,旭川大高,2016
北海道釧路湖陵高等学校,,北北海道,8,釧路湖陵,2016
北海道帯広柏葉高等学校,,北北海道,8,帯広柏葉,2016
白樺学園高等学校,64,北北海道,1,白樺学園,2015
旭川実業高等学校,,北北海道,2,旭川実,2015
北海道北見工業高等学校,,北北海道,4,北見工,2015
武修館高等学校,,北北海道,4,武修館,2015
北海道旭川西高等学校,,北北海道,8,旭川西,2015
稚内大谷高等学校,,北北海道,8,稚内大谷,2015
北海道岩見沢緑陵高等学校,,北北海道,8,岩見沢緑陵,2015
北海道北見北斗高等学校,,北北海道,8,北見北斗,2015
武修館高等学校,32,北北海道,1,武修館,2014
北海道釧路工業高等学校,,北北海道,2,釧路工,2014
旭川大学高等学校,,北北海道,4,旭川大高,2014
北海道北見北斗高等学校,,北北海道,4,北見北斗,2014
北海道天塩高等学校,,北北海道,8,天塩,2014
北海道遠軽高等学校,,北北海道,8,遠軽,2014
北海道岩見沢東高等学校,,北北海道,8,岩見沢東,2014
北海道網走桂陽高等学校,,北北海道,8,網走桂陽,2014
帯広大谷高等学校,64,北北海道,1,帯広大谷,2013
北海道旭川南高等学校,,北北海道,2,旭川南,2013
北海道帯広三条高等学校,,北北海道,4,帯広三条,2013
旭川龍谷高等学校,,北北海道,4,旭川龍谷,2013
北海道滝川西高等学校,,北北海道,8,滝川西,2013
,,北北海道,8,駒大岩見沢,2013
北海道帯広柏葉高等学校,,北北海道,8,帯広柏葉,2013
北海道旭川工業高等学校,,北北海道,8,旭川工,2013
北海高等学校,32,南北海道,1,北海,2017
東海大学付属札幌高等学校,,南北海道,2,東海大札幌,2017
札幌大谷高等学校,,南北海道,4,札幌大谷,2017
北海道函館工業高等学校,,南北海道,4,函館工,2017
札幌日本大学高等学校,,南北海道,8,札幌日大,2017
駒澤大学附属苫小牧高等学校,,南北海道,8,駒大苫小牧,2017
函館大学付属有斗高等学校,,南北海道,8,函館大有斗,2017
北海道栄高等学校,,南北海道,8,北海道栄,2017
北海高等学校,2,南北海道,1,北海,2016
札幌日本大学高等学校,,南北海道,2,札幌日大,2016
東海大学付属札幌高等学校,,南北海道,4,東海大札幌,2016
札幌第一高等学校,,南北海道,4,札幌第一,2016
北海道札幌丘珠高等学校,,南北海道,8,札幌丘珠,2016
北照高等学校,,南北海道,8,北照,2016
北海学園札幌高等学校,,南北海道,8,北海学園札幌,2016
北海道栄高等学校,,南北海道,8,北海道栄,2016
北海高等学校,64,南北海道,1,北海,2015
北照高等学校,,南北海道,2,北照,2015
北海道小樽潮陵高等学校,,南北海道,4,小樽潮陵,2015
東海大札幌,,南北海道,4,東海大四,2015
函館大学付属有斗高等学校,,南北海道,8,函館大有斗,2015
北海道苫小牧東高等学校,,南北海道,8,苫小牧東,2015
札幌大谷高等学校,,南北海道,8,札幌大谷,2015
駒澤大学附属苫小牧高等学校,,南北海道,8,駒大苫小牧,2015
東海大札幌,32,南北海道,1,東海大四,2014
北海道小樽潮陵高等学校,,南北海道,2,小樽潮陵,2014
北海道浦河高等学校,,南北海道,4,浦河,2014
札幌日本大学高等学校,,南北海道,4,札幌日大,2014
札幌創成高等学校,,南北海道,8,札幌創成,2014
札幌第一高等学校,,南北海道,8,札幌第一,2014
北海道恵庭南高等学校,,南北海道,8,恵庭南,2014
駒澤大学附属苫小牧高等学校,,南北海道,8,駒大苫小牧,2014
北照高等学校,64,南北海道,1,北照,2013
駒澤大学附属苫小牧高等学校,,南北海道,2,駒大苫小牧,2013
函館大学付属有斗高等学校,,南北海道,4,函館大有斗,2013
函館大学付属柏稜高等学校,,南北海道,4,函館大柏稜,2013
北海道函館中部高等学校,,南北海道,8,函館中部,2013
東海大札幌,,南北海道,8,東海大四,2013
札幌光星高等学校,,南北海道,8,札幌光星,2013
北海道栄高等学校,,南北海道,8,北海道栄,2013
青森山田高等学校,16,青森,1,青森山田,2017
八戸学院光星高等学校,,青森,2,八戸学院光星,2017
弘前学院聖愛高等学校,,青森,4,弘前学院聖愛,2017
八戸工業大学第一高等学校,,青森,4,八戸工大一,2017
弘前東高等学校,,青森,8,弘前東,2017
東奥義塾高等学校,,青森,8,東奥義塾,2017
県立青森中央高等学校,,青森,8,青森中央,2017
県立青森東高等学校,,青森,8,青森東,2017
八戸学院光星高等学校,32,青森,1,八戸学院光星,2016
県立大湊高等学校,,青森,2,大湊,2016
弘前学院聖愛高等学校,,青森,4,弘前学院聖愛,2016
県立八戸西高等学校,,青森,4,八戸西,2016
県立青森商業高等学校,,青森,8,青森商,2016
弘前東高等学校,,青森,8,弘前東,2016
八戸工業大学第一高等学校,,青森,8,八戸工大一,2016
県立弘前工業高等学校,,青森,8,弘前工,2016
県立三沢商業高等学校,32,青森,1,三沢商,2015
八戸学院光星高等学校,,青森,2,八戸学院光星,2015
県立青森高等学校,,青森,4,青森,2015
県立三本木高等学校,,青森,4,三本木,2015
県立青森商業高等学校,,青森,8,青森商,2015
弘前学院聖愛高等学校,,青森,8,弘前学院聖愛,2015
県立黒石商業高等学校,,青森,8,黒石商,2015
八戸工業大学第一高等学校,,青森,8,八戸工大一,2015
八戸学院光星高等学校,8,青森,1,八戸学院光星,2014
県立青森高等学校,,青森,2,青森,2014
弘前学院聖愛高等学校,,青森,4,弘前学院聖愛,2014
青森山田高等学校,,青森,4,青森山田,2014
県立弘前工業高等学校,,青森,8,弘前工,2014
県立弘前中央高等学校,,青森,8,弘前中央,2014
八戸工業大学第一高等学校,,青森,8,八戸工大一,2014
五所川原商業高等学校,,青森,8,五所川原商,2014
弘前学院聖愛高等学校,16,青森,1,弘前学院聖愛,2013
県立弘前高等学校,,青森,2,弘前,2013
青森山田高等学校,,青森,4,青森山田,2013
県立八戸西高等学校,,青森,4,八戸西,2013
八戸学院光星高等学校,,青森,8,八戸学院光星,2013
五所川原商業高等学校,,青森,8,五所川原商,2013
八戸工業大学第一高等学校,,青森,8,八戸工大一,2013
県立八戸北高等学校,,青森,8,八戸北,2013
盛岡大学附属高等学校,8,岩手,1,盛岡大附,2017
岩手県立久慈高等学校,,岩手,2,久慈,2017
岩手県立大船渡東高等学校,,岩手,4,大船渡東,2017
岩手県立盛岡第四高等学校,,岩手,4,盛岡四,2017
岩手県立黒沢尻工業高等学校,,岩手,8,黒沢尻工,2017
岩手県立水沢工業高等学校,,岩手,8,水沢工,2017
岩手県立花巻南高等学校,,岩手,8,花巻南,2017
岩手県立宮古高等学校,,岩手,8,宮古,2017
盛岡大学附属高等学校,16,岩手,1,盛岡大附,2016
一関学院高等学校,,岩手,2,一関学院,2016
専修大学北上高等学校,,岩手,4,専大北上,2016
岩手県立一関工業高等学校,,岩手,4,一関工,2016
岩手県立黒沢尻工業高等学校,,岩手,8,黒沢尻工,2016
岩手県立高田高等学校,,岩手,8,高田,2016
岩手県立千厩高等学校,,岩手,8,千厩,2016
岩手県立宮古高等学校,,岩手,8,宮古,2016
花巻東高等学校,16,岩手,1,花巻東,2015
一関学院高等学校,,岩手,2,一関学院,2015
岩手県立盛岡北高等学校,,岩手,4,盛岡北,2015
専修大学北上高等学校,,岩手,4,専大北上,2015
岩手県立一関工業高等学校,,岩手,8,一関工,2015
岩手県立久慈高等学校,,岩手,8,久慈,2015
盛岡大学附属高等学校,,岩手,8,盛岡大附,2015
岩手県立花巻農業高等学校,,岩手,8,花巻農,2015
盛岡大学附属高等学校,16,岩手,1,盛岡大附,2014
花巻東高等学校,,岩手,2,花巻東,2014
専修大学北上高等学校,,岩手,4,専大北上,2014
岩手県立盛岡第三高等学校,,岩手,4,盛岡三,2014
岩手県立久慈東高等学校,,岩手,8,久慈東,2014
岩手県立水沢高等学校,,岩手,8,水沢,2014
岩手県立一関工業高等学校,,岩手,8,一関工,2014
岩手県立盛岡第四高等学校,,岩手,8,盛岡四,2014
花巻東高等学校,2,岩手,1,花巻東,2013
盛岡大学附属高等学校,,岩手,2,盛岡大附,2013
一関学院高等学校,,岩手,4,一関学院,2013
岩手県立盛岡第四高等学校,,岩手,4,盛岡四,2013
岩手県立久慈工業高等学校,,岩手,8,久慈工,2013
岩手県立釜石商工高等学校,,岩手,8,釜石商工,2013
岩手県立福岡高等学校,,岩手,8,福岡,2013
岩手県立水沢高等学校,,岩手,8,水沢,2013
仙台育英学園高等学校,8,宮城,1,仙台育英,2017
東北高等学校,,宮城,2,東北,2017
宮城県仙台第三高等学校,,宮城,4,仙台三,2017
東陵高等学校,,宮城,4,東陵,2017
聖和学園高等学校,,宮城,8,聖和学園,2017
宮城県黒川高等学校,,宮城,8,黒川,2017
仙台市立仙台高等学校,,宮城,8,仙台,2017
宮城県石巻工業高等学校,,宮城,8,石巻工,2017
東北高等学校,64,宮城,1,東北,2016
宮城県利府高等学校,,宮城,2,利府,2016
仙台育英学園高等学校,,宮城,4,仙台育英,2016
東陵高等学校,,宮城,4,東陵,2016
宮城県登米高等学校,,宮城,8,登米,2016
東北学院榴ケ岡高等学校,,宮城,8,東北学院榴ケ岡,2016
宮城県柴田高等学校,,宮城,8,柴田,2016
宮城県佐沼高等学校,,宮城,8,佐沼,2016
仙台育英学園高等学校,2,宮城,1,仙台育英,2015
宮城県古川工業高等学校,,宮城,2,古川工,2015
宮城県石巻高等学校,,宮城,4,石巻,2015
東北学院榴ケ岡高等学校,,宮城,4,東北学院榴ケ岡,2015
宮城県仙台第三高等学校,,宮城,8,仙台三,2015
宮城県仙台第二高等学校,,宮城,8,仙台二,2015
宮城県泉高等学校,,宮城,8,泉,2015
宮城県岩ケ崎高等学校,,宮城,8,岩ケ崎,2015
宮城県利府高等学校,32,宮城,1,利府,2014
宮城県佐沼高等学校,,宮城,2,佐沼,2014
宮城県気仙沼高等学校,,宮城,4,気仙沼,2014
宮城県塩釜高等学校,,宮城,4,塩釜,2014
東北学院高等学校,,宮城,8,東北学院,2014
宮城県泉松陵高等学校,,宮城,8,泉松陵,2014
宮城県石巻高等学校,,宮城,8,石巻,2014
東北高等学校,,宮城,8,東北,2014
仙台育英学園高等学校,32,宮城,1,仙台育英,2013
宮城県柴田高等学校,,宮城,2,柴田,2013
聖和学園高等学校,,宮城,4,聖和学園,2013
宮城県仙台第三高等学校,,宮城,4,仙台三,2013
大崎中央高等学校,,宮城,8,大崎中央,2013
宮城県農業高等学校,,宮城,8,宮城農,2013
宮城県仙台商業高等学校,,宮城,8,仙台商,2013
宮城県気仙沼高等学校,,宮城,8,気仙沼,2013
ノースアジア大学明桜高等学校,32,秋田,1,明桜,2017
秋田県立金足農業高等学校,,秋田,2,金足農,2017
秋田県立秋田高等学校,,秋田,4,秋田,2017
秋田県立大曲工業高等学校,,秋田,4,大曲工,2017
秋田県立能代松陽高等学校,,秋田,8,能代松陽,2017
秋田県立秋田中央高等学校,,秋田,8,秋田中央,2017
秋田修英高等学校,,秋田,8,秋田修英,2017
秋田県立本荘高等学校,,秋田,8,本荘,2017
秋田県立大曲工業高等学校,64,秋田,1,大曲工,2016
秋田県立角館高等学校,,秋田,2,角館,2016
秋田県立能代工業高等学校,,秋田,4,能代工,2016
秋田県立大館国際情報学院高等学校,,秋田,4,大館国際情報学院,2016
秋田県立能代松陽高等学校,,秋田,8,能代松陽,2016
秋田修英高等学校,,秋田,8,秋田修英,2016
 秋田県立大館桂桜高等学校,,秋田,8,大館桂桜,2016
秋田市立秋田商業高等学校,,秋田,8,秋田商,2016
秋田市立秋田商業高等学校,8,秋田,1,秋田商,2015
秋田県立秋田南高等学校,,秋田,2,秋田南,2015
秋田県立能代松陽高等学校,,秋田,4,能代松陽,2015
秋田県立秋田工業高等学校,,秋田,4,秋田工,2015
秋田県立大曲農業高等学校,,秋田,8,大曲農,2015
秋田修英高等学校,,秋田,8,秋田修英,2015
ノースアジア大学明桜高等学校,,秋田,8,明桜,2015
秋田県立西目高等学校,,秋田,8,西目,2015
秋田県立角館高等学校,32,秋田,1,角館,2014
秋田県立能代松陽高等学校,,秋田,2,能代松陽,2014
秋田県立大曲工業高等学校,,秋田,4,大曲工,2014
秋田県立由利工業高等学校,,秋田,4,由利工,2014
秋田県立大曲農業高等学校,,秋田,8,大曲農,2014
秋田県立西目高等学校,,秋田,8,西目,2014
秋田県立湯沢高等学校,,秋田,8,湯沢,2014
秋田県立秋田南高等学校,,秋田,8,秋田南,2014
秋田市立秋田商業高等学校,32,秋田,1,秋田商,2013
秋田県立角館高等学校,,秋田,2,角館,2013
秋田県立金足農業高等学校,,秋田,4,金足農,2013
秋田県立大曲高等学校,,秋田,4,大曲,2013
秋田県立秋田西高等学校,,秋田,8,秋田西,2013
秋田県立秋田中央高等学校,,秋田,8,秋田中央,2013
秋田県立大館鳳鳴高等学校,,秋田,8,大館鳳鳴,2013
ノースアジア大学明桜高等学校,,秋田,8,明桜,2013
日本大学山形高等学校,64,山形,1,日大山形,2017
県立山形中央高等学校,,山形,2,山形中央,2017
酒田南高等学校,,山形,4,酒田南,2017
山形城北高等学校,,山形,4,山形城北,2017
九里学園高等学校,,山形,8,九里学園,2017
羽黒高等学校,,山形,8,羽黒,2017
山形市立商業高等学校,,山形,8,山形市立商,2017
県立山形南高等学校,,山形,8,山形南,2017
鶴岡東高等学校,64,山形,1,鶴岡東,2016
県立山形中央高等学校,,山形,2,山形中央,2016
米沢中央高等学校,,山形,4,米沢中央,2016
酒田南高等学校,,山形,4,酒田南,2016
県立酒田東高等学校,,山形,8,酒田東,2016
日本大学山形高等学校,,山形,8,日大山形,2016
九里学園高等学校,,山形,8,九里学園,2016
東海大学山形高等学校,,山形,8,東海大山形,2016
鶴岡東高等学校,16,山形,1,鶴岡東,2015
羽黒高等学校,,山形,2,羽黒,2015
酒田光陵高等学校,,山形,4,酒田光陵,2015
県立山形中央高等学校,,山形,4,山形中央,2015
米沢中央高等学校,,山形,8,米沢中央,2015
山形城北高等学校,,山形,8,山形城北,2015
酒田南高等学校,,山形,8,酒田南,2015
九里学園高等学校,,山形,8,九里学園,2015
県立山形中央高等学校,16,山形,1,山形中央,2014
酒田南高等学校,,山形,2,酒田南,2014
日本大学山形高等学校,,山形,4,日大山形,2014
鶴岡東高等学校,,山形,4,鶴岡東,2014
酒田光陵高等学校,,山形,8,酒田光陵,2014
山形城北高等学校,,山形,8,山形城北,2014
県立鶴岡南高等学校,,山形,8,鶴岡南,2014
県立長井高等学校,,山形,8,長井,2014
日本大学山形高等学校,2,山形,1,日大山形,2013
米沢中央高等学校,,山形,2,米沢中央,2013
酒田南高等学校,,山形,4,酒田南,2013
県立山形中央高等学校,,山形,4,山形中央,2013
鶴岡東高等学校,,山形,8,鶴岡東,2013
新庄東高等学校,,山形,8,新庄東,2013
山形明正高等学校,,山形,8,山形明正,2013
東海大学山形高等学校,,山形,8,東海大山形,2013
聖光学院高等学校,16,福島,1,聖光学院,2017
県立いわき光洋高等学校,,福島,2,いわき光洋,2017
日本大学東北高等学校,,福島,4,日大東北,2017
県立福島商業高等学校,,福島,4,福島商,2017
県立小高産業技術高校,,福島,8,小高産業技,2017
県立磐城高等学校,,福島,8,磐城,2017
県立光南高等学校,,福島,8,光南,2017
学法石川高等学校,,福島,8,学法石川,2017
聖光学院高等学校,8,福島,1,聖光学院,2016
県立光南高等学校,,福島,2,光南,2016
学法福島高等学校,,福島,4,学法福島,2016
日本大学東北高等学校,,福島,4,日大東北,2016
学法石川高等学校,,福島,8,学法石川,2016
県立磐城高等学校,,福島,8,磐城,2016
県立会津高等学校,,福島,8,会津,2016
,,福島,8,小高工,2016
聖光学院高等学校,32,福島,1,聖光学院,2015
日本大学東北高等学校,,福島,2,日大東北,2015
県立福島工業高等学校,,福島,4,福島工,2015
県立福島商業高等学校,,福島,4,福島商,2015
県立郡山商業高等学校,,福島,8,郡山商,2015
県立白河実業高等学校,,福島,8,白河実,2015
県立田村高等学校,,福島,8,田村,2015
東日本国際大学附属昌平高等学校,,福島,8,東日本国際大昌平,2015
聖光学院高等学校,8,福島,1,聖光学院,2014
日本大学東北高等学校,,福島,2,日大東北,2014
県立白河高等学校,,福島,4,白河,2014
県立いわき光洋高等学校,,福島,4,いわき光洋,2014
県立福島商業高等学校,,福島,8,福島商,2014
県立安達高等学校,,福島,8,安達,2014
県立若松商業高等学校,,福島,8,若松商,2014
学法石川高等学校,,福島,8,学法石川,2014
聖光学院高等学校,32,福島,1,聖光学院,2013
日本大学東北高等学校,,福島,2,日大東北,2013
,,福島,4,小高工,2013
県立福島東高等学校,,福島,4,福島東,2013
学法石川高等学校,,福島,8,学法石川,2013
県立光南高等学校,,福島,8,光南,2013
県立安達高等学校,,福島,8,安達,2013
県立白河高等学校,,福島,8,白河,2013
土浦日本大学高等学校,64,茨城,1,土浦日大,2017
霞ヶ浦高等学校,,茨城,2,霞ヶ浦,2017
茨城県立下妻第二高等学校,,茨城,4,下妻二,2017
茨城県立藤代高等学校,,茨城,4,藤代,2017
水城高等学校,,茨城,8,水城,2017
茨城県立下妻第一高等学校,,茨城,8,下妻一,2017
常総学院高等学校,,茨城,8,常総学院,2017
茨城県立竜ヶ崎第一高等学校,,茨城,8,竜ヶ崎一,2017
常総学院高等学校,8,茨城,1,常総学院,2016
明秀学園日立高等学校,,茨城,2,明秀学園日立,2016
霞ヶ浦高等学校,,茨城,4,霞ヶ浦,2016
茨城県立下妻第二高等学校,,茨城,4,下妻二,2016
水城高等学校,,茨城,8,水城,2016
茨城県立波崎柳川高等学校,,茨城,8,波崎柳川,2016
茨城県立竜ヶ崎第一高等学校,,茨城,8,竜ヶ崎一,2016
常盤大学高等学校,,茨城,8,常磐大高,2016
霞ヶ浦高等学校,64,茨城,1,霞ヶ浦,2015
茨城県立日立第一高等学校,,茨城,2,日立一,2015
東洋大学附属牛久高等学校,,茨城,4,東洋大牛久,2015
明秀学園日立高等学校,,茨城,4,明秀学園日立,2015
茨城県立鬼怒商業高等学校,,茨城,8,鬼怒商,2015
水城高等学校,,茨城,8,水城,2015
茨城県立下妻第二高等学校,,茨城,8,下妻二,2015
茨城県立石岡第一高等学校,,茨城,8,石岡一,2015
茨城県立藤代高等学校,64,茨城,1,藤代,2014
霞ヶ浦高等学校,,茨城,2,霞ヶ浦,2014
茨城県立取手松陽高等学校,,茨城,4,取手松陽,2014
常総学院高等学校,,茨城,4,常総学院,2014
茨城県立牛久高等学校,,茨城,8,牛久,2014
茨城県立土浦湖北高等学校,,茨城,8,土浦湖北,2014
つくば秀英高等学校,,茨城,8,つくば秀英,2014
茨城県立石岡第一高等学校,,茨城,8,石岡一,2014
常総学院高等学校,8,茨城,1,常総学院,2013
霞ヶ浦高等学校,,茨城,2,霞ヶ浦,2013
鹿島学園高等学校,,茨城,4,鹿島学園,2013
水城高等学校,,茨城,4,水城,2013
明秀学園日立高等学校,,茨城,8,明秀学園日立,2013
茨城県立日立第一高等学校,,茨城,8,日立一,2013
茨城県立水戸工業高等学校,,茨城,8,水戸工,2013
茨城県立下妻第二高等学校,,茨城,8,下妻二,2013
作新学院高等学校,64,栃木,1,作新学院,2017
國學院大學栃木高等学校,,栃木,2,國學院栃木,2017
青藍泰斗高等学校,,栃木,4,青藍泰斗,2017
文星芸術大学附属高等学校,,栃木,4,文星芸大附,2017
矢坂中央高等学校,,栃木,8,矢板中央,2017
栃木県立石橋高等学校,,栃木,8,石橋,2017
栃木県立真岡高等学校,,栃木,8,真岡,2017
白鴎大学足利高等学校,,栃木,8,白?大足利,2017
作新学院高等学校,1,栃木,1,作新学院,2016
國學院大學栃木高等学校,,栃木,2,國學院栃木,2016
栃木県立茂木高等学校,,栃木,4,茂木,2016
矢坂中央高等学校,,栃木,4,矢板中央,2016
青藍泰斗高等学校,,栃木,8,青藍泰斗,2016
栃木県立黒磯高等学校,,栃木,8,黒磯,2016
文星芸術大学附属高等学校,,栃木,8,文星芸大附,2016
栃木県立足利南高等学校,,栃木,8,足利南,2016
作新学院高等学校,16,栃木,1,作新学院,2015
國學院大學栃木高等学校,,栃木,2,國學院栃木,2015
青藍泰斗高等学校,,栃木,4,青藍泰斗,2015
白鴎大学足利高等学校,,栃木,4,白?大足利,2015
栃木県立大田原高等学校,,栃木,8,大田原,2015
栃木県立足利高等学校,,栃木,8,足利,2015
文星芸術大学附属高等学校,,栃木,8,文星芸大附,2015
栃木県立栃木工業高等学校,,栃木,8,栃木工,2015
作新学院高等学校,32,栃木,1,作新学院,2014
佐野日本大学高等学校,,栃木,2,佐野日大,2014
栃木県立大田原高等学校,,栃木,4,大田原,2014
白鴎大学足利高等学校,,栃木,4,白?大足利,2014
栃木県立茂木高等学校,,栃木,8,茂木,2014
青藍泰斗高等学校,,栃木,8,青藍泰斗,2014
國學院大學栃木高等学校,,栃木,8,國學院栃木,2014
栃木県立高根沢高等学校,,栃木,8,高根沢,2014
作新学院高等学校,16,栃木,1,作新学院,2013
青藍泰斗高等学校,,栃木,2,青藍泰斗,2013
佐野日本大学高等学校,,栃木,4,佐野日大,2013
白鴎大学足利高等学校,,栃木,4,白?大足利,2013
栃木県立宇都宮商業高等学校,,栃木,8,宇都宮商,2013
栃木県立栃木工業高等学校,,栃木,8,栃木工,2013
栃木県立小山南高等学校,,栃木,8,小山南,2013
栃木県立宇都宮北高等学校,,栃木,8,宇都宮北,2013
前橋育英高等学校,16,群馬,1,前橋育英,2017
高崎健康福祉大学高崎高等学校,,群馬,2,健大高崎,2017
東京農業大学第二高等学校,,群馬,4,東農大二,2017
明和県央高等学校,,群馬,4,明和県央,2017
群馬県立前橋商業高等学校,,群馬,8,前橋商,2017
群馬県立前橋東高等学校,,群馬,8,前橋東,2017
常磐高等学校,,群馬,8,常磐,2017
群馬県立桐生南高等学校,,群馬,8,桐生南,2017
前橋育英高等学校,32,群馬,1,前橋育英,2016
高崎健康福祉大学高崎高等学校,,群馬,2,健大高崎,2016
群馬県立前橋工業高等学校,,群馬,4,前橋工,2016
群馬県立伊勢崎清明高等学校,,群馬,4,伊勢崎清明,2016
利根沼田学校組合立利根商業高等学校,,群馬,8,利根商,2016
,,群馬,8,桐生西,2016
桐生市立商業高等学校,,群馬,8,桐生市立商,2016
樹徳高等学校,,群馬,8,樹徳,2016
高崎健康福祉大学高崎高等学校,16,群馬,1,健大高崎,2015
桐生第一高等学校,,群馬,2,桐生第一,2015
群馬県立前橋商業高等学校,,群馬,4,前橋商,2015
群馬県立高崎商業高等学校,,群馬,4,高崎商,2015
樹徳高等学校,,群馬,8,樹徳,2015
関東学園大学附属高等学校,,群馬,8,関東学園大附,2015
群馬県立伊勢崎清明高等学校,,群馬,8,伊勢崎清明,2015
群馬県立太田高等学校,,群馬,8,太田,2015
高崎健康福祉大学高崎高等学校,8,群馬,1,健大高崎,2014
群馬県立伊勢崎清明高等学校,,群馬,2,伊勢崎清明,2014
桐生第一高等学校,,群馬,4,桐生第一,2014
高崎経済大学附属高等学校,,群馬,4,高崎経大附,2014
樹徳高等学校,,群馬,8,樹徳,2014
群馬県立前橋商業高等学校,,群馬,8,前橋商,2014
群馬県立沼田高等学校,,群馬,8,沼田,2014
明和県央高等学校,,群馬,8,明和県央,2014
前橋育英高等学校,1,群馬,1,前橋育英,2013
東京農業大学第二高等学校,,群馬,2,東農大二,2013
樹徳高等学校,,群馬,4,樹徳,2013
群馬県立前橋工業高等学校,,群馬,4,前橋工,2013
高崎健康福祉大学高崎高等学校,,群馬,8,健大高崎,2013
群馬県立前橋高等学校,,群馬,8,前橋,2013
群馬県立太田東高等学校,,群馬,8,太田東,2013
関東学園大学附属高等学校,,群馬,8,関東学園大附,2013
花咲徳栄高等学校,1,埼玉,1,花咲徳栄,2017
浦和学院高等学校,,埼玉,2,浦和学院,2017
山村学園高等学校,,埼玉,4,山村学園,2017
春日部共栄高等学校,,埼玉,4,春日部共栄,2017
叡明高等学校,,埼玉,8,叡明,2017
聖望学園中学校・高等学校,,埼玉,8,聖望学園,2017
埼玉県立川越工業高等学校,,埼玉,8,川越工,2017
埼玉県立ふじみ野高等学校,,埼玉,8,ふじみ野,2017
花咲徳栄高等学校,16,埼玉,1,花咲徳栄,2016
聖望学園中学校・高等学校,,埼玉,2,聖望学園,2016
春日部共栄高等学校,,埼玉,4,春日部共栄,2016
埼玉県立大宮東高等学校,,埼玉,4,大宮東,2016
埼玉県立熊谷商業高等学校,,埼玉,8,熊谷商,2016
埼玉県立上尾高等学校,,埼玉,8,上尾,2016
浦和実業学園高等学校,,埼玉,8,浦和実,2016
川越市立川越高等学校,,埼玉,8,市立川越,2016
花咲徳栄高等学校,8,埼玉,1,花咲徳栄,2015
埼玉県立白岡高等学校,,埼玉,2,白岡,2015
浦和学院高等学校,,埼玉,4,浦和学院,2015
埼玉県立松山高等学校,,埼玉,4,松山,2015
埼玉県立熊谷高等学校,,埼玉,8,熊谷,2015
埼玉栄高等学校,,埼玉,8,埼玉栄,2015
西武学園文理高等学校,,埼玉,8,西武文理,2015
聖望学園中学校・高等学校,,埼玉,8,聖望学園,2015
春日部共栄高等学校,32,埼玉,1,春日部共栄,2014
川越市立川越高等学校,,埼玉,2,市立川越,2014
正智深谷高等学校,,埼玉,4,正智深谷,2014
埼玉県立大宮東高等学校,,埼玉,4,大宮東,2014
狭山ヶ丘高等学校,,埼玉,8,狭山ヶ丘,2014
昌平高等学校,,埼玉,8,昌平,2014
本庄東高等学校,,埼玉,8,本庄東,2014
埼玉県立蕨高等学校,,埼玉,8,蕨,2014
浦和学院高等学校,64,埼玉,1,浦和学院,2013
川越東高等学校,,埼玉,2,川越東,2013
聖望学園中学校・高等学校,,埼玉,4,聖望学園,2013
,,埼玉,4,市立川口,2013
埼玉平成高等学校,,埼玉,8,埼玉平成,2013
埼玉県立所沢商業高等学校,,埼玉,8,所沢商,2013
川越市立川越高等学校,,埼玉,8,市立川越,2013
本庄第一高等学校,,埼玉,8,本庄第一,2013
木更津総合高等学校 ,64,千葉,1,木更津総合,2017
習志野市立習志野高等学校 ,,千葉,2,習志野,2017
東海大学付属市原望洋高等学校 ,,千葉,4,東海大市原望洋,2017
千葉県立検見川高等学校,,千葉,4,検見川,2017
船橋市立船橋高等学校 ,,千葉,8,市立船橋,2017
専修大学松戸高等学校 ,,千葉,8,専大松戸,2017
柏市立柏高等学校,,千葉,8,市立柏,2017
千葉敬愛高等学校 ,,千葉,8,千葉敬愛,2017
木更津総合高等学校 ,8,千葉,1,木更津総合,2016
船橋市立船橋高等学校 ,,千葉,2,市立船橋,2016
千葉経済大学附属高等学校 ,,千葉,4,千葉経大附,2016
習志野市立習志野高等学校 ,,千葉,4,習志野,2016
千葉県立船橋芝山高等学校,,千葉,8,船橋芝山,2016
東海大学付属市原望洋高等学校 ,,千葉,8,東海大市原望洋,2016
東京学館船橋高等学校,,千葉,8,東京学館船橋,2016
東京学館浦安高等学校 ,,千葉,8,東京学館浦安,2016
専修大学松戸高等学校 ,64,千葉,1,専大松戸,2015
習志野市立習志野高等学校 ,,千葉,2,習志野,2015
木更津総合高等学校 ,,千葉,4,木更津総合,2015
中央学院高等学校,,千葉,4,中央学院,2015
拓殖大学紅陵高等学校 ,,千葉,8,拓大紅陵,2015
成田高等学校 ,,千葉,8,成田,2015
千葉県立多古高等学校,,千葉,8,多古,2015
千葉商科大学付属高等学校 ,,千葉,8,千葉商大付,2015
東海大望洋,32,千葉,1,東海大望洋,2014
専修大学松戸高等学校 ,,千葉,2,専大松戸,2014
東海大学付属浦安高等学校 ,,千葉,4,東海大浦安,2014
,,千葉,4,柏日体,2014
流通経済大学付属柏高等学校 ,,千葉,8,流通経済大柏,2014
千葉県立国分高等学校,,千葉,8,国分,2014
木更津総合高等学校 ,,千葉,8,木更津総合,2014
中央学院高等学校,,千葉,8,中央学院,2014
木更津総合高等学校 ,16,千葉,1,木更津総合,2013
習志野市立習志野高等学校 ,,千葉,2,習志野,2013
専修大学松戸高等学校 ,,千葉,4,専大松戸,2013
東海大望洋,,千葉,4,東海大望洋,2013
拓殖大学紅陵高等学校 ,,千葉,8,拓大紅陵,2013
千葉県立京葉高等学校,,千葉,8,京葉,2013
千葉明徳高等学校 ,,千葉,8,千葉明徳,2013
成田高等学校 ,,千葉,8,成田,2013
二松学舎大学附属高等学校,16,東東京,1,二松学舎大附,2017
東海大学付属高輪台高等学校,,東東京,2,東海大高輪台,2017
関東第一高等学校,,東東京,4,関東一,2017
東亜学園高等学校,,東東京,4,東亜学園,2017
共栄学園高等学校,,東東京,8,共栄学園,2017
帝京高等学校,,東東京,8,帝京,2017
修徳高等学校,,東東京,8,修徳,2017
上野学園高等学校,,東東京,8,上野学園,2017
関東第一高等学校,64,東東京,1,関東一,2016
東亜学園高等学校,,東東京,2,東亜学園,2016
二松学舎大学附属高等学校,,東東京,4,二松学舎大附,2016
東京都立城東高等学校,,東東京,4,都立城東,2016
東京都立江戸川高等学校,,東東京,8,都立江戸川,2016
日本大学豊山高等学校,,東東京,8,日大豊山,2016
修徳高等学校,,東東京,8,修徳,2016
帝京高等学校,,東東京,8,帝京,2016
関東第一高等学校,4,東東京,1,関東一,2015
日本大学豊山高等学校,,東東京,2,日大豊山,2015
帝京高等学校,,東東京,4,帝京,2015
東京都立篠崎高等学校,,東東京,4,都立篠崎,2015
明治大学付属中野高等学校,,東東京,8,明大中野,2015
東京都立小山台高等学校,,東東京,8,都立小山台,2015
東京実業高等学校,,東東京,8,東京実,2015
修徳高等学校,,東東京,8,修徳,2015
二松学舎大学附属高等学校,16,東東京,1,二松学舎大附,2014
帝京高等学校,,東東京,2,帝京,2014
成立学園高等学校,,東東京,4,成立学園,2014
関東第一高等学校,,東東京,4,関東一,2014
東京高等学校,,東東京,8,東京,2014
東京都立雪谷高等学校,,東東京,8,都立雪谷,2014
東亜学園高等学校,,東東京,8,東亜学園,2014
東京都立小山台高等学校,,東東京,8,都立小山台,2014
修徳高等学校,32,東東京,1,修徳,2013
二松学舎大学附属高等学校,,東東京,2,二松学舎大附,2013
東京実業高等学校,,東東京,4,東京実,2013
関東第一高等学校,,東東京,4,関東一,2013
錦城学園高等学校,,東東京,8,錦城学園,2013
東京都立江戸川高等学校,,東東京,8,都立江戸川,2013
東京都立城東高等学校,,東東京,8,都立城東,2013
大森学園高等学校,,東東京,8,大森学園,2013
東海大学菅生高等学校,4,西東京,1,東海大菅生,2017
早稲田大学系属早稲田実業学校高等部,,西東京,2,早稲田実業,2017
八王子学園八王子高等学校,,西東京,4,八王子,2017
日本大学第二高等学校,,西東京,4,日大二,2017
日本大学第三高等学校,,西東京,8,日大三,2017
明治大学付属中野八王子中学高等学校,,西東京,8,明大中野八王子,2017
日本学園高等学校,,西東京,8,日本学園,2017
佼成学園高等学校,,西東京,8,佼成学園,2017
八王子学園八王子高等学校,64,西東京,1,八王子,2016
東海大学菅生高等学校,,西東京,2,東海大菅生,2016
日本大学第三高等学校,,西東京,4,日大三,2016
創価高等学校,,西東京,4,創価,2016
聖パウロ学園高等学校,,西東京,8,聖パウロ学園,2016
早稲田大学高等学院,,西東京,8,早大学院,2016
國學院大學久我山高等学校,,西東京,8,國學院久我山,2016
早稲田大学系属早稲田実業学校高等部,,西東京,8,早稲田実業,2016
早稲田大学系属早稲田実業学校高等部,4,西東京,1,早稲田実業,2015
東海大学菅生高等学校,,西東京,2,東海大菅生,2015
國學院大學久我山高等学校,,西東京,4,國學院久我山,2015
日本大学第三高等学校,,西東京,4,日大三,2015
東京都立昭和高等学校,,西東京,8,都立昭和,2015
八王子学園八王子高等学校,,西東京,8,八王子,2015
国士舘高等学校,,西東京,8,国士舘,2015
聖パウロ学園高等学校,,西東京,8,聖パウロ学園,2015
日本大学鶴ヶ丘高等学校,64,西東京,1,日大鶴ヶ丘,2014
東海大学菅生高等学校,,西東京,2,東海大菅生,2014
國學院大學久我山高等学校,,西東京,4,國學院久我山,2014
日本大学第三高等学校,,西東京,4,日大三,2014
東京都立小平高等学校,,西東京,8,都立小平,2014
八王子学園八王子高等学校,,西東京,8,八王子,2014
明治大学付属中野八王子中学高等学校,,西東京,8,明大中野八王子,2014
駒場学園高等学校,,西東京,8,駒場学園,2014
日本大学第三高等学校,32,西東京,1,日大三,2013
東京都立日野高等学校,,西東京,2,都立日野,2013
創価高等学校,,西東京,4,創価,2013
国士舘高等学校,,西東京,4,国士舘,2013
専修大学附属高等学校,,西東京,8,専修大附,2013
明治大学付属中野八王子中学高等学校,,西東京,8,明大中野八王子,2013
早稲田大学系属早稲田実業学校高等部,,西東京,8,早稲田実業,2013
東海大学菅生高等学校,,西東京,8,東海大菅生,2013
横浜高等学校,64,神奈川,1,横浜,2017
東海大学付属相模高等学校,,神奈川,2,東海大相模,2017
日本大学高等学校,,神奈川,4,日大高,2017
桐光学園高等学校,,神奈川,4,桐光学園,2017
慶應義塾高等学校,,神奈川,8,慶應義塾,2017
相洋高等学校,,神奈川,8,相洋,2017
日本大学藤沢高等学校,,神奈川,8,日大藤沢,2017
立花学園高等学校,,神奈川,8,立花学園,2017
横浜高等学校,32,神奈川,1,横浜,2016
慶應義塾高等学校,,神奈川,2,慶應義塾,2016
桐光学園高等学校,,神奈川,4,桐光学園,2016
桐蔭学園高等学校,,神奈川,4,桐蔭学園,2016
日本大学高等学校,,神奈川,8,日大高,2016
東海大学付属相模高等学校,,神奈川,8,東海大相模,2016
"藤沢翔陵高等学校										 										 										 										 										 										 										 										 										 										 										 										 										 										 										 										 										 										 										 										 										 										 					",,神奈川,8,藤沢翔陵,2016
横浜隼人高等学校,,神奈川,8,横浜隼人,2016
東海大学付属相模高等学校,1,神奈川,1,東海大相模,2015
横浜高等学校,,神奈川,2,横浜,2015
桐光学園高等学校,,神奈川,4,桐光学園,2015
日本大学藤沢高等学校,,神奈川,4,日大藤沢,2015
横浜隼人高等学校,,神奈川,8,横浜隼人,2015
慶應義塾高等学校,,神奈川,8,慶應義塾,2015
山手学院高等学校,,神奈川,8,山手学院,2015
平塚学園高等学校,,神奈川,8,平塚学園,2015
東海大学付属相模高等学校,32,神奈川,1,東海大相模,2014
向上高等学校,,神奈川,2,向上,2014
横浜隼人高等学校,,神奈川,4,横浜隼人,2014
横浜高等学校,,神奈川,4,横浜,2014
相洋高等学校,,神奈川,8,相洋,2014
桐光学園高等学校,,神奈川,8,桐光学園,2014
橘学苑高等学校,,神奈川,8,橘学苑,2014
神奈川県立相模原高等学校,,神奈川,8,相模原,2014
横浜高等学校,16,神奈川,1,横浜,2013
平塚学園高等学校,,神奈川,2,平塚学園,2013
桐蔭学園高等学校,,神奈川,4,桐蔭学園,2013
東海大学付属相模高等学校,,神奈川,4,東海大相模,2013
向上高等学校,,神奈川,8,向上,2013
慶應義塾高等学校,,神奈川,8,慶應義塾,2013
,,神奈川,8,弥栄,2013
桐光学園高等学校,,神奈川,8,桐光学園,2013
日本文理高等学校,32,新潟,1,日本文理,2017
中越高等学校,,新潟,2,中越,2017
県立高田北城高等学校,,新潟,4,高田北城,2017
北越高等学校,,新潟,4,北越,2017
県立五泉高等学校,,新潟,8,五泉,2017
県立長岡工業高等学校,,新潟,8,長岡工,2017
東京学館新潟高等学校,,新潟,8,東京学館新潟,2017
県立巻総合高等学校,,新潟,8,巻総合,2017
中越高等学校,64,新潟,1,中越,2016
新潟明訓中学校・高等学校,,新潟,2,新潟明訓,2016
加茂暁星高等学校,,新潟,4,加茂暁星,2016
県立巻高等学校,,新潟,4,巻,2016
帝京長岡中学校・高等学校,,新潟,8,帝京長岡,2016
県立長岡大手高等学校,,新潟,8,長岡大手,2016
県立長岡工業高等学校,,新潟,8,長岡工,2016
県立長岡商業高等学校,,新潟,8,長岡商,2016
中越高等学校,64,新潟,1,中越,2015
日本文理高等学校,,新潟,2,日本文理,2015
県立小出高等学校,,新潟,4,小出,2015
県立新潟高等学校,,新潟,4,新潟,2015
北越高等学校,,新潟,8,北越,2015
県立村上桜ヶ丘高等学校,,新潟,8,村上桜ヶ丘,2015
関根学園高等学校,,新潟,8,関根学園,2015
帝京長岡中学校・高等学校,,新潟,8,帝京長岡,2015
日本文理高等学校,4,新潟,1,日本文理,2014
関根学園高等学校,,新潟,2,関根学園,2014
北越高等学校,,新潟,4,北越,2014
新潟明訓中学校・高等学校,,新潟,4,新潟明訓,2014
中越高等学校,,新潟,8,中越,2014
県立糸魚川高等学校,,新潟,8,糸魚川,2014
帝京長岡中学校・高等学校,,新潟,8,帝京長岡,2014
県立新潟県央工業高等学校,,新潟,8,新潟県央工,2014
日本文理高等学校,64,新潟,1,日本文理,2013
県立村上桜ヶ丘高等学校,,新潟,2,村上桜ヶ丘,2013
県立新潟工業高等学校,,新潟,4,新潟工,2013
県立巻高等学校,,新潟,4,巻,2013
中越高等学校,,新潟,8,中越,2013
新発田中央高等学校,,新潟,8,新発田中央,2013
新潟明訓中学校・高等学校,,新潟,8,新潟明訓,2013
県立新発田高等学校,,新潟,8,新発田,2013
県立高岡商業高等学校,32,富山,1,高岡商,2017
高朋高等学校,,富山,2,高朋,2017
富山国際大学付属高等学校,,富山,4,富山国際大付属,2017
県立新湊高等学校,,富山,4,新湊,2017
富山第一高等学校,,富山,8,富山第一,2017
不二越工業高等学校,,富山,8,不二越工,2017
県立富山いずみ高等学校,,富山,8,富山いずみ,2017
県立富山高等学校,,富山,8,富山,2017
富山第一高等学校,32,富山,1,富山第一,2016
県立富山商業高等学校,,富山,2,富山商,2016
県立氷見高等学校,,富山,4,氷見,2016
県立南砺福野高等学校,,富山,4,南砺福野,2016
富山国際大学付属高等学校,,富山,8,富山国際大付属,2016
県立桜井高等学校,,富山,8,桜井,2016
県立富山東高等学校,,富山,8,富山東,2016
県立高岡商業高等学校,,富山,8,高岡商,2016
県立高岡商業高等学校,32,富山,1,高岡商,2015
県立富山東高等学校,,富山,2,富山東,2015
県立富山工業高等学校,,富山,4,富山工,2015
県立新湊高等学校,,富山,4,新湊,2015
県立砺波工業高等学校,,富山,8,砺波工,2015
県立氷見高等学校,,富山,8,氷見,2015
県立富山商業高等学校,,富山,8,富山商,2015
県立滑川高等学校,,富山,8,滑川,2015
県立富山商業高等学校,16,富山,1,富山商,2014
県立高岡商業高等学校,,富山,2,高岡商,2014
富山第一高等学校,,富山,4,富山第一,2014
不二越工業高等学校,,富山,4,不二越工,2014
県立小杉高等学校,,富山,8,小杉,2014
県立南砺福野高等学校,,富山,8,南砺福野,2014
県立高岡高等学校,,富山,8,高岡,2014
富山国際大学付属高等学校,,富山,8,富山国際大付属,2014
富山第一高等学校,8,富山,1,富山第一,2013
県立桜井高等学校,,富山,2,桜井,2013
県立新湊高等学校,,富山,4,新湊,2013
県立砺波工業高等学校,,富山,4,砺波工,2013
富山国際大学付属高等学校,,富山,8,富山国際大付属,2013
県立氷見高等学校,,富山,8,氷見,2013
高岡第一高等学校,,富山,8,高岡第一,2013
県立滑川高等学校,,富山,8,滑川,2013
日本航空高等学校石川,32,石川,1,日本航空石川,2017
遊学館高等学校,,石川,2,遊学館,2017
星稜高等学校,,石川,4,星稜,2017
県立寺井高等学校,,石川,4,寺井,2017
金沢市立工業高等学校,,石川,8,金沢市工,2017
北陸学院高等学校,,石川,8,北陸学院,2017
小松大谷高等学校,,石川,8,小松大谷,2017
県立津幡高等学校,,石川,8,津幡,2017
星稜高等学校,64,石川,1,星稜,2016
日本航空高等学校石川,,石川,2,日本航空石川,2016
遊学館高等学校,,石川,4,遊学館,2016
小松大谷高等学校,,石川,4,小松大谷,2016
県立金沢商業高等学校,,石川,8,金沢商,2016
金沢高等学校,,石川,8,金沢,2016
県立金沢泉丘高等学校,,石川,8,金沢泉丘,2016
県立小松明峰高等学校,,石川,8,小松明峰,2016
遊学館高等学校,16,石川,1,遊学館,2015
金沢高等学校,,石川,2,金沢,2015
県立津幡高等学校,,石川,4,津幡,2015
小松大谷高等学校,,石川,4,小松大谷,2015
鵬学園高等学校,,石川,8,鵬学園,2015
金沢学院,,石川,8,金沢学院東,2015
星稜高等学校,,石川,8,星稜,2015
県立小松工業高等学校,,石川,8,小松工,2015
星稜高等学校,16,石川,1,星稜,2014
小松大谷高等学校,,石川,2,小松大谷,2014
金沢市立工業高等学校,,石川,4,金沢市工,2014
遊学館高等学校,,石川,4,遊学館,2014
県立飯田高等学校,,石川,8,飯田,2014
県立七尾東雲高等学校,,石川,8,七尾東雲,2014
県立寺井高等学校,,石川,8,寺井,2014
日本航空高等学校石川,,石川,8,日本航空石川,2014
星稜高等学校,64,石川,1,星稜,2013
遊学館高等学校,,石川,2,遊学館,2013
金沢高等学校,,石川,4,金沢,2013
県立寺井高等学校,,石川,4,寺井,2013
県立七尾東雲高等学校,,石川,8,七尾東雲,2013
県立金沢桜丘高等学校,,石川,8,金沢桜丘,2013
小松大谷高等学校,,石川,8,小松大谷,2013
金沢市立工業高等学校,,石川,8,金沢市工,2013
福井県立坂井高等学校,32,福井,1,坂井,2017
福井県立敦賀高等学校,,福井,2,敦賀,2017
福井県立武生商業高等学校,,福井,4,武生商,2017
福井県立福井商業高等学校,,福井,4,福井商,2017
敦賀気比高等学校,,福井,8,敦賀気比,2017
啓新高等学校,,福井,8,啓新,2017
福井工業高等専門学校,,福井,8,福井高専,2017
福井県立武生高等学校,,福井,8,武生,2017
北陸高等学校,64,福井,1,北陸,2016
福井県立福井商業高等学校,,福井,2,福井商,2016
福井県立坂井高等学校,,福井,4,坂井,2016
福井県立奥越明成高等学校HP,,福井,4,奥越明成,2016
福井県立若狭高等学校,,福井,8,若狭,2016
福井工業大学附属福井高等学校,,福井,8,福井工大福井,2016
啓新高等学校,,福井,8,啓新,2016
福井県立美方高等学校,,福井,8,美方,2016
敦賀気比高等学校,32,福井,1,敦賀気比,2015
福井工業大学附属福井高等学校,,福井,2,福井工大福井,2015
福井県立美方高等学校,,福井,4,美方,2015
啓新高等学校,,福井,4,啓新,2015
福井県立福井商業高等学校,,福井,8,福井商,2015
福井県立若狭高等学校,,福井,8,若狭,2015
福井県立足羽高等学校,,福井,8,足羽,2015
福井県立武生工業高等学校,,福井,8,武生工,2015
敦賀気比高等学校,4,福井,1,敦賀気比,2014
福井工業大学附属福井高等学校,,福井,2,福井工大福井,2014
啓新高等学校,,福井,4,啓新,2014
福井県立奥越明成高等学校HP,,福井,4,奥越明成,2014
北陸高等学校,,福井,8,北陸,2014
福井県立武生商業高等学校,,福井,8,武生商,2014
福井県立高志高等学校,,福井,8,高志,2014
福井県立福井商業高等学校,,福井,8,福井商,2014
福井県立福井商業高等学校,16,福井,1,福井商,2013
,,福井,2,春江工,2013
福井県立福井農林高等学校,,福井,4,福井農林,2013
福井県立敦賀工業高等学校,,福井,4,敦賀工,2013
敦賀気比高等学校,,福井,8,敦賀気比,2013
福井県立鯖江高等学校,,福井,8,鯖江,2013
北陸高等学校,,福井,8,北陸,2013
福井県立武生商業高等学校,,福井,8,武生商,2013
山梨学院高等学校,64,山梨,1,山梨学院,2017
東海大学付属甲府高等学校,,山梨,2,東海大甲府,2017
駿台甲府高等学校,,山梨,4,駿台甲府,2017
日本航空高等学校,,山梨,4,日本航空,2017
山梨県立塩山高等学校,,山梨,8,塩山,2017
山梨県立甲府工業高等学校,,山梨,8,甲府工,2017
県立吉田高等学校,,山梨,8,吉田,2017
山梨県立笛吹高等学校,,山梨,8,笛吹,2017
山梨学院高等学校,32,山梨,1,山梨学院,2016
東海大学付属甲府高等学校,,山梨,2,東海大甲府,2016
日本航空高等学校,,山梨,4,日本航空,2016
帝京第三高等学校,,山梨,4,帝京三,2016
山梨県立日川高等学校,,山梨,8,日川,2016
山梨県立都留高等学校,,山梨,8,都留,2016
富士学苑高等学校,,山梨,8,富士学苑,2016
甲府市立甲府商業高等学校,,山梨,8,甲府商,2016
東海大学付属甲府高等学校,16,山梨,1,東海大甲府,2015
山梨県立甲府城西高等学校,,山梨,2,甲府城西,2015
日本航空高等学校,,山梨,4,日本航空,2015
山梨県立甲府工業高等学校,,山梨,4,甲府工,2015
山梨県立都留高等学校,,山梨,8,都留,2015
甲府市立甲府商業高等学校,,山梨,8,甲府商,2015
山梨県立甲府西高等学校,,山梨,8,甲府西,2015
帝京第三高等学校,,山梨,8,帝京三,2015
東海大学付属甲府高等学校,64,山梨,1,東海大甲府,2014
日本航空高等学校,,山梨,2,日本航空,2014
山梨学院高等学校,,山梨,4,山梨学院,2014
山梨県立日川高等学校,,山梨,4,日川,2014
山梨県立甲府工業高等学校,,山梨,8,甲府工,2014
日本大学明誠高等学校,,山梨,8,日大明誠,2014
帝京第三高等学校,,山梨,8,帝京三,2014
甲府市立甲府商業高等学校,,山梨,8,甲府商,2014
山梨県立日川高等学校,32,山梨,1,日川,2013
日本航空高等学校,,山梨,2,日本航空,2013
東海大学付属甲府高等学校,,山梨,4,東海大甲府,2013
駿台甲府高等学校,,山梨,4,駿台甲府,2013
山梨学院高等学校,,山梨,8,山梨学院,2013
山梨県立身延高等学校,,山梨,8,身延,2013
山梨県立甲府城西高等学校,,山梨,8,甲府城西,2013
山梨県立巨摩高等学校,,山梨,8,巨摩,2013
松商学園高等学校,32,長野,1,松商学園,2017
佐久長聖高等学校,,長野,2,佐久長聖,2017
東海大学付属諏訪高等学校,,長野,4,東海大諏訪,2017
長野県岩村田高等学校,,長野,4,岩村田,2017
松本国際高等学校,,長野,8,松本国際,2017
上田西高等学校,,長野,8,上田西,2017
長野県小諸商業高等学校,,長野,8,小諸商,2017
長野県松本深志高等学校,,長野,8,松本深志,2017
佐久長聖高等学校,64,長野,1,佐久長聖,2016
松商学園高等学校,,長野,2,松商学園,2016
東京都市大学塩尻高等学校,,長野,4,東京都市大塩尻,2016
長野県小諸商業高等学校,,長野,4,小諸商,2016
長野県松本深志高等学校,,長野,8,松本深志,2016
長野県長野西高等学校,,長野,8,長野西,2016
上田西高等学校,,長野,8,上田西,2016
松本国際高等学校,,長野,8,松本国際,2016
上田西高等学校,32,長野,1,上田西,2015
佐久長聖高等学校,,長野,2,佐久長聖,2015
長野県小諸商業高等学校,,長野,4,小諸商,2015
松商学園高等学校,,長野,4,松商学園,2015
長野日本大学高等学校,,長野,8,長野日大,2015
長野県野沢北高等学校,,長野,8,野沢北,2015
長野県長野高等学校,,長野,8,長野,2015
長野県田川高等学校,,長野,8,田川,2015
佐久長聖高等学校,32,長野,1,佐久長聖,2014
長野県長野商業高等学校,,長野,2,長野商,2014
長野県上伊那農業高等学校,,長野,4,上伊那農,2014
東海大三,,長野,4,東海大三,2014
地球環境高等学校,,長野,8,地球環境,2014
松本第一高等学校,,長野,8,松本第一,2014
上田西高等学校,,長野,8,上田西,2014
東京都市大学塩尻高等学校,,長野,8,東京都市大塩尻,2014
上田西高等学校,64,長野,1,上田西,2013
佐久長聖高等学校,,長野,2,佐久長聖,2013
地球環境高等学校,,長野,4,地球環境,2013
長野県長野商業高等学校,,長野,4,長野商,2013
長野県田川高等学校,,長野,8,田川,2013
東京都市大学塩尻高等学校,,長野,8,東京都市大塩尻,2013
長野県上田千曲高等学校,,長野,8,上田千曲,2013
松商学園高等学校,,長野,8,松商学園,2013
大垣日本大学高等学校,32,岐阜,1,大垣日大,2017
中京高等学校,,岐阜,2,中京学院大中京,2017
岐阜県立大垣商業高等学校,,岐阜,4,大垣商,2017
岐阜市立岐阜商業高等学校,,岐阜,4,市立岐阜商,2017
岐阜聖徳学園高等学校,,岐阜,8,岐阜聖徳学園,2017
美濃加茂高等学校,,岐阜,8,美濃加茂,2017
岐阜県立海津明誠高等学校,,岐阜,8,海津明誠,2017
岐阜県立加納高等学校,,岐阜,8,加納,2017
中京高等学校,32,岐阜,1,中京,2016
大垣日本大学高等学校,,岐阜,2,大垣日大,2016
岐阜県立長良高等学校,,岐阜,4,長良,2016
岐阜市立岐阜商業高等学校,,岐阜,4,市立岐阜商,2016
岐阜県立岐阜各務野高等学校,,岐阜,8,岐阜各務野,2016
関市立関商工高等学校,,岐阜,8,関商工,2016
美濃加茂高等学校,,岐阜,8,美濃加茂,2016
岐阜県立岐阜商業高等学校,,岐阜,8,県立岐阜商,2016
岐阜県立岐阜城北高等学校,64,岐阜,1,岐阜城北,2015
岐阜県立斐太高等学校,,岐阜,2,斐太,2015
大垣日本大学高等学校,,岐阜,4,大垣日大,2015
岐阜県立岐阜商業高等学校,,岐阜,4,県立岐阜商,2015
中京高等学校,,岐阜,8,中京,2015
岐阜県立東濃実業高等学校,,岐阜,8,東濃実,2015
岐阜市立岐阜商業高等学校,,岐阜,8,市立岐阜商,2015
岐阜県立岐阜各務野高等学校,,岐阜,8,岐阜各務野,2015
大垣日本大学高等学校,32,岐阜,1,大垣日大,2014
岐阜県立岐阜工業高等学校,,岐阜,2,岐阜工,2014
岐阜県立岐阜商業高等学校,,岐阜,4,県立岐阜商,2014
岐阜県立岐阜総合学園高等学校,,岐阜,4,岐阜総合学園,2014
中京高等学校,,岐阜,8,中京,2014
岐阜東高等学校,,岐阜,8,岐阜東,2014
大垣南高等学校,,岐阜,8,大垣南,2014
岐阜県立大垣北高等学校,,岐阜,8,大垣北,2014
大垣日本大学高等学校,64,岐阜,1,大垣日大,2013
岐阜市立岐阜商業高等学校,,岐阜,2,市立岐阜商,2013
岐阜県立岐阜商業高等学校,,岐阜,4,県立岐阜商,2013
中京高等学校,,岐阜,4,中京,2013
帝京大学可児高等学校,,岐阜,8,帝京可児,2013
美濃加茂高等学校,,岐阜,8,美濃加茂,2013
岐阜県立長良高等学校,,岐阜,8,長良,2013
岐阜県立土岐商業高等学校,,岐阜,8,土岐商,2013
藤枝明誠高等学校,64,静岡,1,藤枝明誠,2017
日本大学三島高等学校,,静岡,2,日大三島,2017
県立浜松商業高等学校,,静岡,4,浜松商,2017
県立静岡高等学校,,静岡,4,静岡,2017
常葉大学附属橘高等学校,,静岡,8,常葉橘,2017
常葉大学附属菊川高等学校,,静岡,8,常葉菊川,2017
県立掛川東高等学校,,静岡,8,掛川東,2017
加藤学園高等学校,,静岡,8,加藤学園,2017
常葉大学附属菊川高等学校,32,静岡,1,常葉菊川,2016
県立袋井高等学校,,静岡,2,袋井,2016
常葉大学附属橘高等学校,,静岡,4,常葉橘,2016
県立浜松商業高等学校,,静岡,4,浜松商,2016
静清高等学校,,静岡,8,静清,2016
東海大学付属静岡翔洋高等学校,,静岡,8,東海大静岡翔洋,2016
浜松学院高等学校,,静岡,8,浜松学院,2016
日本大学三島高等学校,,静岡,8,日大三島,2016
県立静岡高等学校,64,静岡,1,静岡,2015
飛龍高等学校,,静岡,2,飛龍,2015
県立静岡商業高等学校,,静岡,4,静岡商,2015
県立磐田南高等学校,,静岡,4,磐田南,2015
県立三島南高等学校,,静岡,8,三島南,2015
常葉大学附属橘高等学校,,静岡,8,常葉橘,2015
浜松市立高等学校,,静岡,8,浜松市立,2015
知徳高等学校,,静岡,8,知徳,2015
県立静岡高等学校,64,静岡,1,静岡,2014
県立掛川西高等学校,,静岡,2,掛川西,2014
常葉大学附属橘高等学校,,静岡,4,常葉橘,2014
日本大学三島高等学校,,静岡,4,日大三島,2014
県立掛川東高等学校,,静岡,8,掛川東,2014
県立浜松工業高等学校,,静岡,8,浜松工,2014
県立島田商業高等学校,,静岡,8,島田商,2014
東海大一,,静岡,8,東海大翔洋,2014
常葉大学附属菊川高等学校,16,静岡,1,常葉菊川,2013
,,静岡,2,菊川南陵,2013
東海大一,,静岡,4,東海大翔洋,2013
富士市立高等学校,,静岡,4,富士市立,2013
県立横須賀高等学校,,静岡,8,横須賀,2013
聖隷クリストファー高等学校,,静岡,8,聖隷クリストファー,2013
三島,,静岡,8,三島,2013
県立静岡高等学校,,静岡,8,静岡,2013
中京大学附属中京高等学校,64,愛知,1,中京大中京,2017
栄徳高等学校,,愛知,2,栄徳,2017
豊橋中央高等学校,,愛知,4,豊橋中央,2017
東邦高等学校,,愛知,4,東邦,2017
県立豊田工科高等学校,,愛知,8,豊田工科,2017
至学館高等学校,,愛知,8,至学館,2017
愛知工業大学名電高等学校,,愛知,8,愛工大名電,2017
愛知高等学校,,愛知,8,愛知,2017
東邦高等学校,16,愛知,1,東邦,2016
愛知工業大学名電高等学校,,愛知,2,愛工大名電,2016
栄徳高等学校,,愛知,4,栄徳,2016
県立西尾東高等学校,,愛知,4,西尾東,2016
豊橋中央高等学校,,愛知,8,豊橋中央,2016
享栄高等学校,,愛知,8,享栄,2016
愛知産業大学三河高等学校,,愛知,8,愛知産大三河,2016
愛知県立大府高等学校,,愛知,8,大府,2016
中京大学附属中京高等学校,16,愛知,1,中京大中京,2015
愛知工業大学名電高等学校,,愛知,2,愛工大名電,2015
東邦高等学校,,愛知,4,東邦,2015
豊川高等学校,,愛知,4,豊川,2015
愛知産業大学三河高等学校,,愛知,8,愛知産大三河,2015
誉高等学校,,愛知,8,誉,2015
愛知県立刈谷高等学校,,愛知,8,刈谷,2015
愛知産業大学工業高等学校,,愛知,8,愛知産大工,2015
東邦高等学校,32,愛知,1,東邦,2014
栄徳高等学校,,愛知,2,栄徳,2014
県立豊田西高等学校,,愛知,4,豊田西,2014
中京大学附属中京高等学校,,愛知,4,中京大中京,2014
愛知県立大府高等学校,,愛知,8,大府,2014
春日丘高等学校,,愛知,8,春日丘,2014
愛知県立高蔵寺高等学校,,愛知,8,高蔵寺,2014
桜丘高等学校,,愛知,8,桜丘,2014
愛知工業大学名電高等学校,64,愛知,1,愛工大名電,2013
愛知黎明高等学校,,愛知,2,愛知黎明,2013
中部大学第一高等学校,,愛知,4,中部大一,2013
愛知産業大学三河高等学校,,愛知,4,愛知産大三河,2013
至学館高等学校,,愛知,8,至学館,2013
県立丹羽高等学校,,愛知,8,丹羽,2013
享栄高等学校,,愛知,8,享栄,2013
春日丘高等学校,,愛知,8,春日丘,2013
津田学園高等学校,32,三重,1,津田学園,2017
三重高等学校,,三重,2,三重,2017
三重県立菰野高等学校,,三重,4,菰野,2017
三重県立津商業高等学校,,三重,4,津商,2017
海星高等学校,,三重,8,海星,2017
近畿大学工業高等専門学校,,三重,8,近大高専,2017
三重県立四日市南高等学校,,三重,8,四日市南,2017
三重県立いなべ総合学園高等学校,,三重,8,いなべ総合,2017
三重県立いなべ総合学園高等学校,16,三重,1,いなべ総合,2016
津田学園高等学校,,三重,2,津田学園,2016
三重高等学校,,三重,4,三重,2016
海星高等学校,,三重,4,海星,2016
三重県立桑名工業高等学校,,三重,8,桑名工,2016
暁高等学校,,三重,8,暁,2016
三重県立津商業高等学校,,三重,8,津商,2016
三重県立伊勢工業高等学校,,三重,8,伊勢工,2016
三重県立津商業高等学校,32,三重,1,津商,2015
三重県立いなべ総合学園高等学校,,三重,2,いなべ総合,2015
海星高等学校,,三重,4,海星,2015
三重県立四日市工業高等学校,,三重,4,四日市工,2015
津田学園高等学校,,三重,8,津田学園,2015
三重県立宇治山田商業高等学校,,三重,8,宇治山田商,2015
三重県立松阪商業高等学校,,三重,8,松阪商,2015
三重県立津西高等学校,,三重,8,津西,2015
三重高等学校,2,三重,1,三重,2014
三重県立菰野高等学校,,三重,2,菰野,2014
三重県立稲生高等学校,,三重,4,稲生,2014
三重県立いなべ総合学園高等学校,,三重,4,いなべ総合,2014
海星高等学校,,三重,8,海星,2014
近畿大学工業高等専門学校,,三重,8,近大高専,2014
三重県立四日市工業高等学校,,三重,8,四日市工,2014
三重県立松阪高等学校,,三重,8,松阪,2014
三重高等学校,32,三重,1,三重,2013
三重県立菰野高等学校,,三重,2,菰野,2013
三重県立宇治山田商業高等学校,,三重,4,宇治山田商,2013
三重県立津商業高等学校,,三重,4,津商,2013
三重県立松阪高等学校,,三重,8,松阪,2013
三重県立稲生高等学校,,三重,8,稲生,2013
三重県立四日市高等学校,,三重,8,四日市,2013
海星高等学校,,三重,8,海星,2013
滋賀県立彦根東高等学校,32,滋賀,1,彦根東,2017
近江高等学校,,滋賀,2,近江,2017
滋賀県立水口高等学校,,滋賀,4,水口,2017
滋賀県立水口東高等学校,,滋賀,4,水口東,2017
滋賀県立野洲高等学校,,滋賀,8,野洲,2017
滋賀県立堅田高等学校,,滋賀,8,堅田,2017
滋賀県立八幡商業高等学校,,滋賀,8,八幡商,2017
滋賀県立長浜北星高等学校,,滋賀,8,長浜北星,2017
近江高等学校,64,滋賀,1,近江,2016
東京都立高島高等学校,,滋賀,2,都立高島,2016
滋賀短期大学附属高等学校,,滋賀,4,滋賀短大附,2016
滋賀学園高等学校,,滋賀,4,滋賀学園,2016
滋賀県立水口高等学校,,滋賀,8,水口,2016
滋賀県立八日市高等学校,,滋賀,8,八日市,2016
滋賀県立伊吹高等学校,,滋賀,8,伊吹,2016
光泉高等学校,,滋賀,8,光泉,2016
比叡山高等学校,64,滋賀,1,比叡山,2015
近江高等学校,,滋賀,2,近江,2015
滋賀県立野洲高等学校,,滋賀,4,野洲,2015
滋賀県立米原高等学校,,滋賀,4,米原,2015
滋賀県立虎姫高等学校,,滋賀,8,虎姫,2015
滋賀県立八幡商業高等学校,,滋賀,8,八幡商,2015
滋賀県立北大津高等学校,,滋賀,8,北大津,2015
滋賀県立八日市南高等学校,,滋賀,8,八日市南,2015
近江高等学校,16,滋賀,1,近江,2014
滋賀県立北大津高等学校,,滋賀,2,北大津,2014
滋賀県立八幡商業高等学校,,滋賀,4,八幡商,2014
滋賀県立伊香高等学校,,滋賀,4,伊香,2014
綾羽高等学校,,滋賀,8,綾羽,2014
滋賀学園高等学校,,滋賀,8,滋賀学園,2014
比叡山高等学校,,滋賀,8,比叡山,2014
滋賀県立彦根東高等学校,,滋賀,8,彦根東,2014
滋賀県立彦根東高等学校,32,滋賀,1,彦根東,2013
近江兄弟社高等学校,,滋賀,2,近江兄弟社,2013
近江高等学校,,滋賀,4,近江,2013
滋賀県立八幡工業高等学校,,滋賀,4,八幡工,2013
滋賀県立守山北高等学校,,滋賀,8,守山北,2013
滋賀県立水口東高等学校,,滋賀,8,水口東,2013
綾羽高等学校,,滋賀,8,綾羽,2013
滋賀学園高等学校,,滋賀,8,滋賀学園,2013
京都成章高等学校,32,京都,1,京都成章,2017
龍谷大学付属平安高等学校,,京都,2,龍谷大平安,2017
京都府立綾部高等学校,,京都,4,綾部,2017
京都府立西城陽高等学校,,京都,4,西城陽,2017
花園高等学校,,京都,8,花園,2017
京都市立塔南高等学校,,京都,8,塔南,2017
山梨県立富士北稜高等学校,,京都,8,富士北稜,2017
東山高等学校,,京都,8,東山,2017
京都翔英高等学校,64,京都,1,京都翔英,2016
福知山成美高等学校,,京都,2,福知山成美,2016
立命館宇治高等学校,,京都,4,立命館宇治,2016
京都市立塔南高等学校,,京都,4,塔南,2016
京都文教高等学校,,京都,8,京都文教,2016
京都廣学館高等学校,,京都,8,京都廣学館,2016
東山高等学校,,京都,8,東山,2016
日星高等学校,,京都,8,日星,2016
京都府立鳥羽高等学校,16,京都,1,鳥羽,2015
立命館宇治高等学校,,京都,2,立命館宇治,2015
京都共栄学園,,京都,4,京都共栄,2015
京都府立乙訓高等学校,,京都,4,乙訓,2015
同志社高等学校,,京都,8,同志社,2015
京都市立塔南高等学校,,京都,8,塔南,2015
京都府立城南菱創高等学校,,京都,8,城南菱創,2015
京都翔英高等学校,,京都,8,京都翔英,2015
龍谷大学付属平安高等学校,64,京都,1,龍谷大平安,2014
京都府立京都すばる高等学校,,京都,2,京都すばる,2014
東山高等学校,,京都,4,東山,2014
京都府立山城高等学校,,京都,4,山城,2014
京都府立綾部高等学校,,京都,8,綾部,2014
京都府立乙訓高等学校,,京都,8,乙訓,2014
山梨県立富士北稜高等学校,,京都,8,富士北稜,2014
京都府立桂高等学校,,京都,8,桂,2014
福知山成美高等学校,64,京都,1,福知山成美,2013
京都府立鳥羽高等学校,,京都,2,鳥羽,2013
京都廣学館高等学校,,京都,4,京都廣学館,2013
京都翔英高等学校,,京都,4,京都翔英,2013
立命館宇治高等学校,,京都,8,立命館宇治,2013
京都府立洛西高等学校,,京都,8,洛西,2013
京都府立北嵯峨高等学校,,京都,8,北嵯峨,2013
龍谷大学付属平安高等学校,,京都,8,龍谷大平安,2013
大阪桐蔭高等学校,16,大阪,1,大阪桐蔭,2017
大阪府立大冠高等学校,,大阪,2,大冠,2017
履正社高等学校,,大阪,4,履正社,2017
上宮高等学校,,大阪,4,上宮,2017
興國高等学校,,大阪,8,興國,2017
大阪体育大学浪商高等学校,,大阪,8,大体大浪商,2017
春日丘高等学校,,大阪,8,春日丘,2017
大阪市立汎愛高等学校,,大阪,8,汎愛,2017
履正社高等学校,16,大阪,1,履正社,2016
金光大阪高等学校,,大阪,2,金光大阪,2016
大阪市立桜宮高等学校,,大阪,4,桜宮,2016
関西創価高等学校,,大阪,4,関西創価,2016
大阪府立交野高等学校,,大阪,8,交野,2016
浪速高等学校,,大阪,8,浪速,2016
大阪府立吹田高等学校,,大阪,8,吹田,2016
近畿大学泉州高等学校,,大阪,8,近大泉州,2016
大阪偕星学園高等学校,32,大阪,1,大阪偕星学園,2015
大阪体育大学浪商高等学校,,大阪,2,大体大浪商,2015
大阪産業大学附属高等学校,,大阪,4,大阪産大附,2015
大阪府立大冠高等学校,,大阪,4,大冠,2015
大阪府立堺東高等学校,,大阪,8,堺東,2015
ピーエル学園高等学校,,大阪,8,PL学園,2015
大阪市立汎愛高等学校,,大阪,8,汎愛,2015
大阪桐蔭高等学校,,大阪,8,大阪桐蔭,2015
大阪桐蔭高等学校,1,大阪,1,大阪桐蔭,2014
ピーエル学園高等学校,,大阪,2,PL学園,2014
履正社高等学校,,大阪,4,履正社,2014
関西大学北陽高等学校,,大阪,4,関大北陽,2014
上宮高等学校,,大阪,8,上宮,2014
大阪府立枚方津田高等学校,,大阪,8,枚方津田,2014
大阪体育大学浪商高等学校,,大阪,8,大体大浪商,2014
明星高等学校,,大阪,8,明星,2014
大阪桐蔭高等学校,16,大阪,1,大阪桐蔭,2013
履正社高等学校,,大阪,2,履正社,2013
関西創価高等学校,,大阪,4,関西創価,2013
東大阪大学柏原高等学校,,大阪,4,東大阪大柏原,2013
関西大学北陽高等学校,,大阪,8,関大北陽,2013
上宮太子高等学校,,大阪,8,上宮太子,2013
東海大学付属大阪仰星高等学校,,大阪,8,東海大仰星,2013
大阪市立桜宮高等学校,,大阪,8,桜宮,2013
神戸国際大学附属高等学校,16,兵庫,1,神戸国際大附,2017
明石市立明石商業高等学校,,兵庫,2,明石商,2017
報徳学園高等学校,,兵庫,4,報徳学園,2017
滝川第二高等学校,,兵庫,4,滝川第二,2017
西宮市立西宮高等学校,,兵庫,8,市立西宮,2017
育英高等学校,,兵庫,8,育英,2017
市川高等学校,,兵庫,8,市川,2017
関西学院高等部,,兵庫,8,関西学院,2017
尼崎市立尼崎高等学校,64,兵庫,1,市立尼崎,2016
明石市立明石商業高等学校,,兵庫,2,明石商,2016
兵庫県立社高等学校,,兵庫,4,社,2016
神港学園高等学校,,兵庫,4,神港学園,2016
市川高等学校,,兵庫,8,市川,2016
神戸国際大学附属高等学校,,兵庫,8,神戸国際大附,2016
兵庫県立明石南高等学校,,兵庫,8,明石南,2016
報徳学園高等学校,,兵庫,8,報徳学園,2016
滝川第二高等学校,32,兵庫,1,滝川第二,2015
明石市立明石商業高等学校,,兵庫,2,明石商,2015
神戸国際大学附属高等学校,,兵庫,4,神戸国際大附,2015
兵庫県立西脇高等学校,,兵庫,4,西脇,2015
兵庫県立津名高等学校,,兵庫,8,津名,2015
神戸市立須磨翔風高等学校,,兵庫,8,須磨翔風,2015
兵庫県立須磨友が丘高等学校,,兵庫,8,須磨友が丘,2015
報徳学園高等学校,,兵庫,8,報徳学園,2015
神戸国際大学附属高等学校,64,兵庫,1,神戸国際大附,2014
三田松聖高等学校,,兵庫,2,三田松聖,2014
関西学院高等部,,兵庫,4,関西学院,2014
兵庫県立社高等学校,,兵庫,4,社,2014
明石市立明石商業高等学校,,兵庫,8,明石商,2014
西宮市立西宮高等学校,,兵庫,8,市立西宮,2014
兵庫県立加古川北高等学校,,兵庫,8,加古川北,2014
滝川高等学校,,兵庫,8,滝川,2014
兵庫県立西脇工業高等学校,32,兵庫,1,西脇工,2013
東洋大学附属姫路高等学校,,兵庫,2,東洋大姫路,2013
報徳学園高等学校,,兵庫,4,報徳学園,2013
育英高等学校,,兵庫,4,育英,2013
兵庫県立武庫荘総合高等学校,,兵庫,8,武庫荘総合,2013
明石市立明石商業高等学校,,兵庫,8,明石商,2013
尼崎市立尼崎高等学校,,兵庫,8,市立尼崎,2013
神戸市立六甲アイランド高等学校,,兵庫,8,六甲アイランド,2013
天理高等学校,4,奈良,1,天理,2017
奈良大学附属高等学校,,奈良,2,奈良大附,2017
県立高田商業高等学校,,奈良,4,高田商,2017
智辯学園高等学校,,奈良,4,智辯学園,2017
奈良学園登美ヶ丘高等学校,,奈良,8,登美ヶ丘,2017
橿原学院高等学校,,奈良,8,橿原学院,2017
奈良県立高円高等学校,,奈良,8,高円,2017
関西中央高等学校,,奈良,8,関西中央,2017
智辯学園高等学校,32,奈良,1,智辯学園,2016
天理高等学校,,奈良,2,天理,2016
奈良県立郡山高等学校,,奈良,4,郡山,2016
奈良大学附属高等学校,,奈良,4,奈良大附,2016
奈良県立奈良朱雀高等学校,,奈良,8,奈良朱雀,2016
奈良県立高田高等学校,,奈良,8,高田,2016
奈良県立奈良高等学校,,奈良,8,奈良,2016
奈良県立五條高等学校,,奈良,8,五條,2016
天理高等学校,64,奈良,1,天理,2015
奈良県立大和広陵高等学校,,奈良,2,大和広陵,2015
奈良県立奈良高等学校,,奈良,4,奈良,2015
奈良県立畝傍高等学校,,奈良,4,畝傍,2015
関西中央高等学校,,奈良,8,関西中央,2015
橿原学院高等学校,,奈良,8,橿原学院,2015
奈良県立磯城野高等学校,,奈良,8,磯城野,2015
大和高田市立高田商業高等学校,,奈良,8,高田商,2015
智辯学園高等学校,64,奈良,1,智辯学園,2014
天理高等学校,,奈良,2,天理,2014
奈良県立畝傍高等学校,,奈良,4,畝傍,2014
奈良県立大和広陵高等学校,,奈良,4,大和広陵,2014
奈良県立御所実業高等学校,,奈良,8,御所実,2014
奈良大学附属高等学校,,奈良,8,奈良大附,2014
奈良県立法隆寺国際高等学校,,奈良,8,法隆寺国際,2014
奈良学園登美ヶ丘高等学校,,奈良,8,登美ヶ丘,2014
奈良県立桜井高等学校,64,奈良,1,桜井,2013
奈良大学附属高等学校,,奈良,2,奈良大附,2013
奈良県立奈良朱雀高等学校,,奈良,4,奈良朱雀,2013
奈良県立大和広陵高等学校,,奈良,4,大和広陵,2013
奈良県立香芝高等学校,,奈良,8,香芝,2013
智辯学園高等学校,,奈良,8,智辯学園,2013
奈良県立橿原高等学校,,奈良,8,橿原,2013
奈良県立五條高等学校,,奈良,8,五條,2013
智辯学園和歌山高等学校,32,和歌山,1,智辯和歌山,2017
和歌山県立紀央館高等学校,,和歌山,2,紀央館,2017
和歌山市立和歌山高等学校,,和歌山,4,市立和歌山,2017
和歌山県立和歌山東高等学校,,和歌山,4,和歌山東,2017
和歌山県立田辺工業高等学校,,和歌山,8,田辺工,2017
名古屋市立向陽高等学校,,和歌山,8,向陽,2017
埼玉県立日高高等学校,,和歌山,8,日高,2017
和歌山県立桐蔭高等学校,,和歌山,8,桐蔭,2017
和歌山市立和歌山高等学校,32,和歌山,1,市立和歌山,2016
和歌山県立箕島高等学校,,和歌山,2,箕島,2016
和歌山県立橋本高等学校,,和歌山,4,橋本,2016
和歌山県立和歌山東高等学校,,和歌山,4,和歌山東,2016
和歌山工業高等専門学校,,和歌山,8,和歌山高専,2016
和歌山県立海南高等学校,,和歌山,8,海南,2016
和歌山県立南部高等学校,,和歌山,8,南部,2016
智辯学園和歌山高等学校,,和歌山,8,智辯和歌山,2016
智辯学園和歌山高等学校,64,和歌山,1,智辯和歌山,2015
和歌山県立和歌山商業高等学校,,和歌山,2,県立和歌山商,2015
和歌山県立箕島高等学校,,和歌山,4,箕島,2015
和歌山県立田辺工業高等学校,,和歌山,4,田辺工,2015
和歌山県立耐久高等学校,,和歌山,8,耐久,2015
和歌山市立和歌山高等学校,,和歌山,8,市立和歌山,2015
和歌山県立和歌山工業高等学校,,和歌山,8,和歌山工,2015
和歌山県立紀央館高等学校,,和歌山,8,紀央館,2015
和歌山市立和歌山高等学校,64,和歌山,1,市立和歌山,2014
智辯学園和歌山高等学校,,和歌山,2,智辯和歌山,2014
和歌山県立紀央館高等学校,,和歌山,4,紀央館,2014
和歌山県立和歌山商業高等学校,,和歌山,4,県立和歌山商,2014
和歌山県立箕島高等学校,,和歌山,8,箕島,2014
,,和歌山,8,伊都,2014
和歌山県立田辺高等学校,,和歌山,8,田辺,2014
和歌山県立向陽高等学校,,和歌山,8,向陽,2014
和歌山県立箕島高等学校,64,和歌山,1,箕島,2013
和歌山県立南部高等学校,,和歌山,2,南部,2013
和歌山県立和歌山東高等学校,,和歌山,4,和歌山東,2013
和歌山県立日高高等学校中津分校,,和歌山,4,日高中津,2013
和歌山県立紀北工業高等学校,,和歌山,8,紀北工,2013
和歌山県立和歌山工業高等学校,,和歌山,8,和歌山工,2013
和歌山県立南部高等学校龍神分校,,和歌山,8,南部龍神,2013
和歌山県立那賀高等学校,,和歌山,8,那賀,2013
米子松蔭高等学校,64,鳥取,1,米子松蔭,2017
鳥取県立米子東高等学校,,鳥取,2,米子東,2017
鳥取県立倉吉東高等学校,,鳥取,4,倉吉東,2017
鳥取県立八頭高等学校,,鳥取,4,八頭,2017
鳥取県立倉吉西高等学校,,鳥取,8,倉吉西,2017
鳥取県立米子工業高等学校,,鳥取,8,米子工,2017
鳥取県立鳥取中央育英高等学校,,鳥取,8,鳥取中央育英,2017
鳥取県立鳥取西高等学校,,鳥取,8,鳥取西,2017
鳥取県立境高等学校,32,鳥取,1,境,2016
米子松蔭高等学校,,鳥取,2,米子松蔭,2016
鳥取県立鳥取西高等学校,,鳥取,4,鳥取西,2016
鳥取城北高等学校,,鳥取,4,鳥取城北,2016
米子北高等学校,,鳥取,8,米子北,2016
鳥取県立八頭高等学校,,鳥取,8,八頭,2016
鳥取県立倉吉東高等学校,,鳥取,8,倉吉東,2016
鳥取県立米子東高等学校,,鳥取,8,米子東,2016
鳥取城北高等学校,32,鳥取,1,鳥取城北,2015
鳥取県立鳥取西高等学校,,鳥取,2,鳥取西,2015
鳥取県立境高等学校,,鳥取,4,境,2015
鳥取県立米子西高等学校,,鳥取,4,米子西,2015
鳥取県立鳥取商業高等学校,,鳥取,8,鳥取商,2015
鳥取県立日野高等学校,,鳥取,8,日野,2015
米子北高等学校,,鳥取,8,米子北,2015
鳥取県立倉吉総合産業高等学校,,鳥取,8,倉吉総合産,2015
鳥取県立八頭高等学校,16,鳥取,1,八頭,2014
鳥取城北高等学校,,鳥取,2,鳥取城北,2014
鳥取県立鳥取商業高等学校,,鳥取,4,鳥取商,2014
鳥取県立米子東高等学校,,鳥取,4,米子東,2014
鳥取県立倉吉東高等学校,,鳥取,8,倉吉東,2014
米子北高等学校,,鳥取,8,米子北,2014
鳥取県立鳥取中央育英高等学校,,鳥取,8,鳥取中央育英,2014
鳥取県立米子西高等学校,,鳥取,8,米子西,2014
鳥取城北高等学校,64,鳥取,1,鳥取城北,2013
鳥取県立八頭高等学校,,鳥取,2,八頭,2013
鳥取県立倉吉東高等学校,,鳥取,4,倉吉東,2013
鳥取県立鳥取商業高等学校,,鳥取,4,鳥取商,2013
鳥取県立鳥取東高等学校,,鳥取,8,鳥取東,2013
倉吉北高等学校,,鳥取,8,倉吉北,2013
米子松蔭高等学校,,鳥取,8,米子松蔭,2013
鳥取県立鳥取西高等学校,,鳥取,8,鳥取西,2013
開星高等学校,64,島根,1,開星,2017
益田東高等学校,,島根,2,益田東,2017
島根県立大社高等学校,,島根,4,大社,2017
島根県立浜田高等学校,,島根,4,浜田,2017
立正大学淞南高等学校,,島根,8,立正大淞南,2017
石見智翠館高等学校,,島根,8,石見智翠館,2017
岩手県立大東高等学校,,島根,8,大東,2017
島根県立隠岐高等学校,,島根,8,隠岐,2017
島根県立出雲高等学校,64,島根,1,出雲,2016
立正大学淞南高等学校,,島根,2,立正大淞南,2016
島根県立大社高等学校,,島根,4,大社,2016
開星高等学校,,島根,4,開星,2016
益田東高等学校,,島根,8,益田東,2016
石見智翠館高等学校,,島根,8,石見智翠館,2016
島根県立松江東高等学校,,島根,8,松江東,2016
島根県立浜田高等学校,,島根,8,浜田,2016
石見智翠館高等学校,32,島根,1,石見智翠館,2015
大東高校ホームページ,,島根,2,大東,2015
島根県立出雲商業高等学校,,島根,4,出雲商,2015
島根県立大社高等学校,,島根,4,大社,2015
立正大学淞南高等学校,,島根,8,立正大淞南,2015
島根県立島根中央高等学校,,島根,8,島根中央,2015
島根県立飯南高等学校,,島根,8,飯南,2015
島根県立松江北高等学校,,島根,8,松江北,2015
開星高等学校,64,島根,1,開星,2014
島根県立大社高等学校,,島根,2,大社,2014
大東高校ホームページ,,島根,4,大東,2014
島根県立安来高等学校,,島根,4,安来,2014
島根県立島根中央高等学校,,島根,8,島根中央,2014
石見智翠館高等学校,,島根,8,石見智翠館,2014
島根県立松江農林高等学校,,島根,8,松江農林,2014
島根県立浜田高等学校,,島根,8,浜田,2014
石見智翠館高等学校,64,島根,1,石見智翠館,2013
立正大学淞南高等学校,,島根,2,立正大淞南,2013
開星高等学校,,島根,4,開星,2013
島根県立松江商業高等学校,,島根,4,松江商,2013
大東高校ホームページ,,島根,8,大東,2013
島根県立松江北高等学校,,島根,8,松江北,2013
島根県立浜田高等学校,,島根,8,浜田,2013
島根県立浜田商業高等学校,,島根,8,浜田商,2013
おかやま山陽高等学校,64,岡山,1,おかやま山陽,2017
創志学園高等学校,,岡山,2,創志学園,2017
関西高等学校,,岡山,4,関西,2017
興譲館高等学校,,岡山,4,興譲館,2017
岡山県立岡山城東高等学校,,岡山,8,岡山城東,2017
岡山学芸館高等学校,,岡山,8,岡山学芸館,2017
岡山県立玉島商業高等学校,,岡山,8,玉島商,2017
岡山理科大学附属高等学校,,岡山,8,岡山理大附,2017
創志学園高等学校,32,岡山,1,創志学園,2016
岡山県立玉野光南高等学校,,岡山,2,玉野光南,2016
岡山県立倉敷商業高等学校,,岡山,4,倉敷商,2016
おかやま山陽高等学校,,岡山,4,おかやま山陽,2016
興譲館高等学校,,岡山,8,興譲館,2016
岡山理科大学附属高等学校,,岡山,8,岡山理大附,2016
関西高等学校,,岡山,8,関西,2016
金光学園高等学校,,岡山,8,金光学園,2016
岡山学芸館高等学校,64,岡山,1,岡山学芸館,2015
創志学園高等学校,,岡山,2,創志学園,2015
岡山県立玉野光南高等学校,,岡山,4,玉野光南,2015
岡山県立倉敷商業高等学校,,岡山,4,倉敷商,2015
岡山理科大学附属高等学校,,岡山,8,岡山理大附,2015
倉敷高等学校,,岡山,8,倉敷,2015
金光学園高等学校,,岡山,8,金光学園,2015
岡山県立水島工業高等学校,,岡山,8,水島工,2015
関西高等学校,32,岡山,1,関西,2014
岡山理科大学附属高等学校,,岡山,2,岡山理大附,2014
興譲館高等学校,,岡山,4,興譲館,2014
岡山県立倉敷商業高等学校,,岡山,4,倉敷商,2014
創志学園高等学校,,岡山,8,創志学園,2014
岡山県立西大寺高等学校,,岡山,8,西大寺,2014
岡山県立岡山城東高等学校,,岡山,8,岡山城東,2014
岡山学芸館高等学校,,岡山,8,岡山学芸館,2014
岡山県立玉野光南高等学校,64,岡山,1,玉野光南,2013
関西高等学校,,岡山,2,関西,2013
岡山県立岡山東商業高等学校,,岡山,4,岡山東商,2013
興譲館高等学校,,岡山,4,興譲館,2013
岡山県立興陽高等学校,,岡山,8,興陽,2013
岡山県立倉敷商業高等学校,,岡山,8,倉敷商,2013
岡山県立倉敷工業高等学校,,岡山,8,倉敷工,2013
岡山県共生高等学校,,岡山,8,岡山県共生,2013
奈良県立大和広陵高等学校,2,広島,1,広陵,2017
広島新庄高等学校,,広島,2,広島新庄,2017
広島県立広島商業高等学校,,広島,4,広島商,2017
広島県立大竹高等学校,,広島,4,大竹,2017
広島県立尾道商業高等学校,,広島,8,尾道商,2017
広島県立西条農業高等学校,,広島,8,西条農,2017
尾道高等学校,,広島,8,尾道,2017
広島県立高陽東高等学校,,広島,8,高陽東,2017
広島新庄高等学校,16,広島,1,広島新庄,2016
如水館高等学校,,広島,2,如水館,2016
崇徳高等学校,,広島,4,崇徳,2016
広陵高等学校,,広島,4,広陵,2016
広島県立広島商業高等学校,,広島,8,広島商,2016
広島県立西条農業高等学校,,広島,8,西条農,2016
広島県立福山誠之館高等学校,,広島,8,福山誠之館,2016
広島県立宮島工業高等学校,,広島,8,宮島工,2016
広島新庄高等学校,32,広島,1,広島新庄,2015
呉市立呉高等学校,,広島,2,市立呉,2015
広島工業大学高等学校,,広島,4,広島工大高,2015
広陵高等学校,,広島,4,広陵,2015
広島県立向原高等学校,,広島,8,向原,2015
広島県立西条農業高等学校,,広島,8,西条農,2015
如水館高等学校,,広島,8,如水館,2015
広島県立高陽東高等学校,,広島,8,高陽東,2015
広陵高等学校,64,広島,1,広陵,2014
広島新庄高等学校,,広島,2,広島新庄,2014
広島県立広島商業高等学校,,広島,4,広島商,2014
呉市立呉高等学校,,広島,4,市立呉,2014
広島県立高陽東高等学校,,広島,8,高陽東,2014
広島県立西条農業高等学校,,広島,8,西条農,2014
如水館高等学校,,広島,8,如水館,2014
広島県立福山誠之館高等学校,,広島,8,福山誠之館,2014
広島県瀬戸内高等学校,32,広島,1,瀬戸内,2013
広島新庄高等学校,,広島,2,広島新庄,2013
如水館高等学校,,広島,4,如水館,2013
広島県立広島工業高等学校,,広島,4,広島工,2013
盈進高等学校,,広島,8,盈進,2013
広陵高等学校,,広島,8,広陵,2013
近畿大学附属広島高等学校福山校,,広島,8,近大福山,2013
呉港高等学校,,広島,8,呉港,2013
下関国際高等学校,32,山口,1,下関国際,2017
宇部鴻城高等学校,,山口,2,宇部鴻城,2017
山口県立徳山商工高等学校,,山口,4,徳山商工,2017
山口県立宇部商業高等学校,,山口,4,宇部商,2017
山口県立熊毛南高等学校,,山口,8,熊毛南,2017
高川学園高等学校,,山口,8,高川学園,2017
山口県立岩国商業高等学校,,山口,8,岩国商,2017
山口県立豊浦高等学校,,山口,8,豊浦,2017
高川学園高等学校,64,山口,1,高川学園,2016
宇部鴻城高等学校,,山口,2,宇部鴻城,2016
聖光高等学校,,山口,4,聖光,2016
長門高等学校,,山口,4,長門,2016
山口県立岩国高等学校,,山口,8,岩国,2016
下関国際高等学校,,山口,8,下関国際,2016
山口県立宇部商業高等学校,,山口,8,宇部商,2016
山口県立防府高等学校,,山口,8,防府,2016
下関市立下関商業高等学校,32,山口,1,下関商,2015
下関国際高等学校,,山口,2,下関国際,2015
宇部鴻城高等学校,,山口,4,宇部鴻城,2015
山口県立宇部商業高等学校,,山口,4,宇部商,2015
高川学園高等学校,,山口,8,高川学園,2015
山口県立光高等学校,,山口,8,光,2015
柳井学園高等学校,,山口,8,柳井学園,2015
山口県立徳山商工高等学校,,山口,8,徳山商工,2015
山口県立岩国高等学校,64,山口,1,岩国,2014
山口県立熊毛南高等学校,,山口,2,熊毛南,2014
山口県立萩商工高等学校,,山口,4,萩商工,2014
宇部鴻城高等学校,,山口,4,宇部鴻城,2014
山口県立徳山商工高等学校,,山口,8,徳山商工,2014
,,山口,8,下関中央工,2014
山口県立南陽工業高等学校,,山口,8,南陽工,2014
,,山口,8,下関工,2014
山口県立岩国商業高等学校,64,山口,1,岩国商,2013
高川学園高等学校,,山口,2,高川学園,2013
早鞆高等学校,,山口,4,早鞆,2013
山口県立岩国高等学校,,山口,4,岩国,2013
山口県立防府高等学校,,山口,8,防府,2013
宇部鴻城高等学校,,山口,8,宇部鴻城,2013
下関市立下関商業高等学校,,山口,8,下関商,2013
山口県立宇部工業高等学校,,山口,8,宇部工,2013
鳴門渦潮高等学校,64,徳島,1,鳴門渦潮,2017
徳島県立板野高等学校,,徳島,2,板野,2017
生光学園高等学校,,徳島,4,生光学園,2017
徳島県立川島中学校・高等学校,,徳島,4,川島,2017
穴吹高等学校,,徳島,8,穴吹,2017
富岡西高等学校,,徳島,8,富岡西,2017
徳島県立小松島西高等学校,,徳島,8,小松島西,2017
徳島県立城東高等学校,,徳島,8,城東,2017
徳島県立鳴門高等学校,8,徳島,1,鳴門,2016
鳴門渦潮高等学校,,徳島,2,鳴門渦潮,2016
生光学園高等学校,,徳島,4,生光学園,2016
富岡西高等学校,,徳島,4,富岡西,2016
徳島県立城南高等学校,,徳島,8,城南,2016
徳島県立徳島北高等学校,,徳島,8,徳島北,2016
,,徳島,8,阿南工,2016
徳島県立小松島高等学校,,徳島,8,小松島,2016
徳島県立鳴門高等学校,64,徳島,1,鳴門,2015
徳島県立城南高等学校,,徳島,2,城南,2015
徳島県立徳島北高等学校,,徳島,4,徳島北,2015
徳島県立城東高等学校,,徳島,4,城東,2015
鳴門渦潮高等学校,,徳島,8,鳴門渦潮,2015
阿波高等学校,,徳島,8,阿波,2015
脇町高等学校,,徳島,8,脇町,2015
徳島県立小松島高等学校,,徳島,8,小松島,2015
徳島県立鳴門高等学校,32,徳島,1,鳴門,2014
鳴門渦潮高等学校,,徳島,2,鳴門渦潮,2014
生光学園高等学校,,徳島,4,生光学園,2014
池田高等学校,,徳島,4,池田,2014
富岡西高等学校,,徳島,8,富岡西,2014
,,徳島,8,新野,2014
,,徳島,8,阿南工,2014
徳島県立城東高等学校,,徳島,8,城東,2014
徳島県立鳴門高等学校,8,徳島,1,鳴門,2013
徳島県立川島中学校・高等学校,,徳島,2,川島,2013
鳴門渦潮高等学校,,徳島,4,鳴門渦潮,2013
生光学園高等学校,,徳島,4,生光学園,2013
徳島県立徳島科学技術専門高等学校,,徳島,8,徳島科学技術,2013
徳島県立小松島高等学校,,徳島,8,小松島,2013
池田高等学校,,徳島,8,池田,2013
,,徳島,8,新野,2013
香川県立三本松高等学校,8,香川,1,三本松,2017
香川県立丸亀城西高等学校,,香川,2,丸亀城西,2017
香川県立丸亀高等学校,,香川,4,丸亀,2017
香川県大手前高松中学・高等学校,,香川,4,大手前高松,2017
香川県立高松高等学校,,香川,8,高松,2017
香川県立高松商業高等学校,,香川,8,高松商,2017
尽誠学園高等学校,,香川,8,尽誠学園,2017
四国学院大学香川西高等学校,,香川,8,四学大香川西,2017
尽誠学園高等学校,32,香川,1,尽誠学園,2016
香川県立高松商業高等学校,,香川,2,高松商,2016
香川県大手前高松中学・高等学校,,香川,4,大手前高松,2016
三豊工,,香川,4,観音寺中央,2016
土庄,,香川,8,小豆島,2016
香川県立観音寺第一高等学校,,香川,8,観音寺一,2016
香川県立丸亀高等学校,,香川,8,丸亀,2016
英明高等学校,,香川,8,英明,2016
藤井学園寒川高等学校,64,香川,1,藤井学園寒川,2015
香川県立丸亀城西高等学校,,香川,2,丸亀城西,2015
英明高等学校,,香川,4,英明,2015
香川県立高松商業高等学校,,香川,4,高松商,2015
,,香川,8,香川西,2015
香川県立志度高等学校,,香川,8,志度,2015
香川県立高松南高等学校,,香川,8,高松南,2015
観音寺中央,,香川,8,三豊工,2015
香川県立坂出商業高等学校,64,香川,1,坂出商,2014
香川県大手前高松中学・高等学校,,香川,2,大手前高松,2014
尽誠学園高等学校,,香川,4,尽誠学園,2014
香川県立高松桜井高等学校,,香川,4,高松桜井,2014
,,香川,8,香川西,2014
三豊工,,香川,8,観音寺中央,2014
香川県立香川中央高等学校,,香川,8,香川中央,2014
香川県立飯山高等学校,,香川,8,飯山,2014
香川県立丸亀高等学校,32,香川,1,丸亀,2013
尽誠学園高等学校,,香川,2,尽誠学園,2013
英明高等学校,,香川,4,英明,2013
香川県立高松北高等学校,,香川,4,高松北,2013
香川高等専門学校,,香川,8,香川高専高松,2013
香川県立丸亀城西高等学校,,香川,8,丸亀城西,2013
土庄,,香川,8,小豆島,2013
香川県立高松商業高等学校,,香川,8,高松商,2013
学校法人済美学園 済美高等学校,16,愛媛,1,済美,2017
帝京第五高等学校,,愛媛,2,帝京第五,2017
松山聖陵高等学校,,愛媛,4,松山聖陵,2017
愛媛県立川之江高等学校,,愛媛,4,川之江,2017
愛媛県立新居浜南高等学校,,愛媛,8,新居浜南,2017
愛媛県立今治東中等教育学校,,愛媛,8,今治東,2017
愛媛県立大洲高等学校,,愛媛,8,大洲,2017
愛媛県立宇和島東高等学校,,愛媛,8,宇和島東,2017
松山聖陵高等学校,32,愛媛,1,松山聖陵,2016
新田高校,,愛媛,2,新田,2016
愛媛県立東温高等学校,,愛媛,4,東温,2016
愛媛県立今治北高等学校,,愛媛,4,今治北,2016
聖カタリナ学園高等学校,,愛媛,8,聖カタリナ,2016
愛媛県立今治東中等教育学校,,愛媛,8,今治東,2016
愛媛県立今治工業高等学校,,愛媛,8,今治工,2016
愛媛大学附属高等学校,,愛媛,8,愛媛大附,2016
愛媛県立今治西高等学校,64,愛媛,1,今治西,2015
愛媛県立小松高等学,,愛媛,2,小松,2015
県立松山北高等学校,,愛媛,4,松山北,2015
愛媛県立松山東高等学校,,愛媛,4,松山東,2015
愛媛県立今治北高等学校,,愛媛,8,今治北,2015
愛媛県立西条高等学校,,愛媛,8,西条,2015
愛媛県立松山工業高等学校,,愛媛,8,松山工,2015
愛媛県立川之江高等学校,,愛媛,8,川之江,2015
愛媛県立小松高等学,64,愛媛,1,小松,2014
愛媛県立松山東高等学校,,愛媛,2,松山東,2014
愛媛県立西条高等学校,,愛媛,4,西条,2014
愛媛県立東温高等学校,,愛媛,4,東温,2014
愛媛県立丹原高等学校,,愛媛,8,丹原,2014
愛媛県立南宇和高等学校,,愛媛,8,南宇和,2014
新田高校,,愛媛,8,新田,2014
愛媛県立新居浜商業高等学校,,愛媛,8,新居浜商,2014
学校法人済美学園 済美高等学校,16,愛媛,1,済美,2013
愛媛県立今治西高等学校,,愛媛,2,今治西,2013
愛媛県立川之江高等学校,,愛媛,4,川之江,2013
松山聖陵高等学校,,愛媛,4,松山聖陵,2013
愛媛県立今治工業高等学校,,愛媛,8,今治工,2013
愛媛県新居浜東高等学校,,愛媛,8,新居浜東,2013
愛媛県立東温高等学校,,愛媛,8,東温,2013
愛媛県立八幡浜高等学校,,愛媛,8,八幡浜,2013
明徳義塾中学・高等学校,32,高知,1,明徳義塾,2017
高知県立梼原高等学校,,高知,2,梼原,2017
県立中村高等学校,,高知,4,中村,2017
高知県立岡豊高等学校,,高知,4,岡豊,2017
高知県立宿毛工業高等学校,,高知,8,宿毛工,2017
高知県立高知南中学校・高等学校,,高知,8,高知南,2017
学校法人高知学園　高知中学高等学校,,高知,8,高知,2017
高知県立宿毛高等学校,,高知,8,宿毛,2017
明徳義塾中学・高等学校,4,高知,1,明徳義塾,2016
高知県立 中村中・高等学校,,高知,2,中村,2016
高知中央高等学校,,高知,4,高知中央,2016
高知商業高等学校,,高知,4,高知商,2016
高知県立安芸中・高等学校,,高知,8,安芸,2016
高知工業高等学校,,高知,8,高知工,2016
土佐中学校・高等学校,,高知,8,土佐,2016
学校法人高知学園　高知中学高等学校,,高知,8,高知,2016
明徳義塾中学・高等学校,64,高知,1,明徳義塾,2015
学校法人高知学園　高知中学高等学校,,高知,2,高知,2015
高知県立高知西高等学校,,高知,4,高知西,2015
土佐中学校・高等学校,,高知,4,土佐,2015
高知県立岡豊高等学校,,高知,8,岡豊,2015
高知商業高等学校,,高知,8,高知商,2015
高知中央高等学校,,高知,8,高知中央,2015
高知東高校,,高知,8,高知東,2015
明徳義塾中学・高等学校,32,高知,1,明徳義塾,2014
学校法人高知学園　高知中学高等学校,,高知,2,高知,2014
高知中央高等学校,,高知,4,高知中央,2014
高知商業高等学校,,高知,4,高知商,2014
高知県立梼原高等学校,,高知,8,梼原,2014
土佐中学校・高等学校,,高知,8,土佐,2014
高知県立宿毛高等学校,,高知,8,宿毛,2014
高知県立岡豊高等学校,,高知,8,岡豊,2014
明徳義塾中学・高等学校,8,高知,1,明徳義塾,2013
学校法人高知学園　高知中学高等学校,,高知,2,高知,2013
高知県立 中村中・高等学校,,高知,4,中村,2013
高知中央高等学校,,高知,4,高知中央,2013
高知県立宿毛工業高等学校,,高知,8,宿毛工,2013
高知県立高知農業高等学校,,高知,8,高知農,2013
高知県立岡豊高等学校,,高知,8,岡豊,2013
高知県立高知南中学校・高等学校,,高知,8,高知南,2013
福岡県立東筑高等学校,64,福岡,1,東筑,2017
福岡大学付属大濠高等学校,,福岡,2,福岡大大濠,2017
久留米市立久留米商業高等学校,,福岡,4,久留米商,2017
西日本短期大学附属高等学校,,福岡,4,西日本短大附,2017
福岡県立小倉工業高等学校,,福岡,8,小倉工,2017
筑陽学園高等学校,,福岡,8,筑陽学園,2017
福岡県立春日高等学校,,福岡,8,春日,2017
福岡工業大学附属城東高等学校,,福岡,8,福岡工大城東,2017
九州国際大学付属高等学校,64,福岡,1,九州国際大付,2016
福岡工業大学附属城東高等学校,,福岡,2,福岡工大城東,2016
福岡第一高等学校,,福岡,4,福岡第一,2016
真颯館高等学校,,福岡,4,真颯館,2016
自由ケ丘高等学校,,福岡,8,自由ケ丘,2016
福岡県立北九州高等学校,,福岡,8,北九州,2016
祐誠高等学校,,福岡,8,祐誠,2016
星琳高等学校,,福岡,8,星琳,2016
九州国際大学付属高等学校,8,福岡,1,九州国際大付,2015
東海大五,,福岡,2,東海大五,2015
福岡県立八幡南高等学校,,福岡,4,八幡南,2015
福岡県立小倉高等学校,,福岡,4,小倉,2015
飯塚高等学校,,福岡,8,飯塚,2015
希望が丘高等学校,,福岡,8,希望が丘,2015
福岡県立朝倉高等学校,,福岡,8,朝倉,2015
福岡県立東筑高等学校,,福岡,8,東筑,2015
九州国際大学付属高等学校,64,福岡,1,九州国際大付,2014
福岡県立北筑高等学校,,福岡,2,北筑,2014
福岡県立東筑高等学校,,福岡,4,東筑,2014
自由ケ丘高等学校,,福岡,4,自由ケ丘,2014
筑陽学園高等学校,,福岡,8,筑陽学園,2014
西日本短期大学附属高等学校,,福岡,8,西日本短大附,2014
福岡県立筑紫高等学校,,福岡,8,筑紫,2014
折尾愛真高等学校,,福岡,8,折尾愛真,2014
自由ケ丘高等学校,32,福岡,1,自由ケ丘,2013
久留米市立南筑高等学校,,福岡,2,南筑,2013
九州産業大学付属九州高等学校,,福岡,4,九産大九州,2013
福岡県立門司学園高等学校,,福岡,4,門司学園,2013
福岡工業大学附属城東高等学校,,福岡,8,福岡工大城東,2013
東福岡高等学校,,福岡,8,東福岡,2013
東海大五,,福岡,8,東海大五,2013
祐誠高等学校,,福岡,8,祐誠,2013
早稲田佐賀高等学校,64,佐賀,1,早稲田佐賀,2017
佐賀県立鳥栖高等学校,,佐賀,2,鳥栖,2017
茨城県立鹿島高等学校,,佐賀,4,鹿島,2017
佐賀県立佐賀工業高等学校,,佐賀,4,佐賀工,2017
佐賀県立佐賀北高等学校,,佐賀,8,佐賀北,2017
佐賀県立唐津商業高等学校,,佐賀,8,唐津商,2017
佐賀県立鳥栖商業高等学校,,佐賀,8,鳥栖商,2017
佐賀学園高等学校,,佐賀,8,佐賀学園,2017
佐賀県立唐津商業高等学校,32,佐賀,1,唐津商,2016
佐賀県立佐賀商業高等学校,,佐賀,2,佐賀商,2016
龍谷高等学校,,佐賀,4,龍谷,2016
佐賀県立伊万里高等学校,,佐賀,4,伊万里,2016
佐賀県立鹿島高等学校,,佐賀,8,鹿島,2016
佐賀県立佐賀北高等学校,,佐賀,8,佐賀北,2016
佐賀県立伊万里農林高等学校,,佐賀,8,伊万里農林,2016
佐賀県立神埼高等学校,,佐賀,8,神埼,2016
龍谷高等学校,32,佐賀,1,龍谷,2015
佐賀県立唐津商業高等学校,,佐賀,2,唐津商,2015
敬徳高等学校,,佐賀,4,敬徳,2015
佐賀県立佐賀商業高等学校,,佐賀,4,佐賀商,2015
佐賀県立伊万里商業高等学校,,佐賀,8,伊万里商,2015
佐賀県立佐賀工業高等学校,,佐賀,8,佐賀工,2015
佐賀県立三養基高等学校,,佐賀,8,三養基,2015
佐賀県立唐津東高等学校,,佐賀,8,唐津東,2015
佐賀県立佐賀北高等学校,64,佐賀,1,佐賀北,2014
佐賀県立佐賀工業高等学校,,佐賀,2,佐賀工,2014
佐賀県立佐賀商業高等学校,,佐賀,4,佐賀商,2014
佐賀学園高等学校,,佐賀,4,佐賀学園,2014
,,佐賀,8,塩田工,2014
早稲田佐賀高等学校,,佐賀,8,早稲田佐賀,2014
龍谷高等学校,,佐賀,8,龍谷,2014
佐賀県立神埼清明高等学校,,佐賀,8,神埼清明,2014
佐賀県立有田工業高等学校,32,佐賀,1,有田工,2013
早稲田佐賀高等学校,,佐賀,2,早稲田佐賀,2013
佐賀県立佐賀工業高等学校,,佐賀,4,佐賀工,2013
佐賀県立伊万里農林高等学校,,佐賀,4,伊万里農林,2013
,,佐賀,8,杵島商,2013
佐賀県立唐津商業高等学校,,佐賀,8,唐津商,2013
佐賀県立神埼清明高等学校,,佐賀,8,神埼清明,2013
佐賀県立伊万里高等学校,,佐賀,8,伊万里,2013
長崎県立波佐見高等学校,64,長崎,1,波佐見,2017
長崎県立清峰高等学校,,長崎,2,清峰,2017
瓊浦高等学校,,長崎,4,瓊浦,2017
長崎日本大学高等学校,,長崎,4,長崎日大,2017
創成館高等学校,,長崎,8,創成館,2017
長崎県立長崎北高等学校,,長崎,8,長崎北,2017
九州文化学園高等学校,,長崎,8,九州文化学園,2017
長崎県立鹿町工業高等学校,,長崎,8,鹿町工,2017
長崎市立長崎商業高等学校,64,長崎,1,長崎商,2016
長崎県立大村工業高等学校,,長崎,2,大村工,2016
長崎県立清峰高等学校,,長崎,4,清峰,2016
創成館高等学校,,長崎,4,創成館,2016
長崎県立波佐見高等学校,,長崎,8,波佐見,2016
長崎県立佐世保北高等学校,,長崎,8,佐世保北,2016
長崎日本大学高等学校,,長崎,8,長崎日大,2016
海星高等学校,,長崎,8,海星,2016
創成館高等学校,32,長崎,1,創成館,2015
海星高等学校,,長崎,2,海星,2015
長崎市立長崎商業高等学校,,長崎,4,長崎商,2015
佐世保実業高等学校,,長崎,4,佐世保実,2015
長崎県立大村工業高等学校,,長崎,8,大村工,2015
長崎県立島原農業高等学校,,長崎,8,島原農,2015
長崎県立波佐見高等学校,,長崎,8,波佐見,2015
長崎南山高等学校,,長崎,8,長崎南山,2015
海星高等学校,32,長崎,1,海星,2014
創成館高等学校,,長崎,2,創成館,2014
長崎市立長崎商業高等学校,,長崎,4,長崎商,2014
九州文化学園高等学校,,長崎,4,九州文化学園,2014
長崎県立小浜高等学校,,長崎,8,小浜,2014
長崎県立佐世保工業高等学校,,長崎,8,佐世保工,2014
長崎県立波佐見高等学校,,長崎,8,波佐見,2014
長崎県立島原農業高等学校,,長崎,8,島原農,2014
佐世保実業高等学校,64,長崎,1,佐世保実,2013
長崎日本大学高等学校,,長崎,2,長崎日大,2013
海星高等学校,,長崎,4,海星,2013
創成館高等学校,,長崎,4,創成館,2013
長崎県立鹿町工業高等学校,,長崎,8,鹿町工,2013
長崎県立諫早高等学校,,長崎,8,諫早,2013
長崎県立諫早農業高等学校,,長崎,8,諫早農,2013
瓊浦高等学校,,長崎,8,瓊浦,2013
秀岳館高等学校,32,熊本,1,秀岳館,2017
九州学院高等学校,,熊本,2,九州学院,2017
文徳高等学校,,熊本,4,文徳,2017
熊本県立八代高等学校,,熊本,4,八代,2017
熊本県立菊池高等学校,,熊本,8,菊池,2017
熊本国府高等学校,,熊本,8,熊本国府,2017
熊本県立球磨工業高等学校,,熊本,8,球磨工,2017
,,熊本,8,多良木,2017
秀岳館高等学校,4,熊本,1,秀岳館,2016
九州学院高等学校,,熊本,2,九州学院,2016
熊本市立千原台高等学校,,熊本,4,千原台,2016
文徳高等学校,,熊本,4,文徳,2016
熊本市立必由館高等学校,,熊本,8,必由館,2016
ルーテル学院高等学校,,熊本,8,ルーテル学院,2016
城北高等学校,,熊本,8,城北,2016
熊本県立熊本工業高等学校,,熊本,8,熊本工,2016
九州学院高等学校,32,熊本,1,九州学院,2015
文徳高等学校,,熊本,2,文徳,2015
,,熊本,4,多良木,2015
鎮西高等学校,,熊本,4,鎮西,2015
東京都立翔陽高等学校,,熊本,8,都立翔陽,2015
東海大学付属熊本星翔高等学校,,熊本,8,東海大星翔,2015
熊本県立球磨工業高等学校,,熊本,8,球磨工,2015
熊本県立八代東高等学校,,熊本,8,八代東,2015
城北高等学校,16,熊本,1,城北,2014
文徳高等学校,,熊本,2,文徳,2014
熊本県立熊本北高等学校,,熊本,4,熊本北,2014
熊本県立熊本工業高等学校,,熊本,4,熊本工,2014
東海大学付属熊本星翔高等学校,,熊本,8,東海大星翔,2014
九州学院高等学校,,熊本,8,九州学院,2014
熊本学園大学付属高等学校,,熊本,8,熊本学園大付,2014
熊本県立済々黌高等学校,,熊本,8,済々黌,2014
熊本県立熊本工業高等学校,32,熊本,1,熊本工,2013
文徳高等学校,,熊本,2,文徳,2013
熊本県立玉名工業高等学校,,熊本,4,玉名工,2013
熊本県立済々黌高等学校,,熊本,4,済々黌,2013
熊本県立熊本北高等学校,,熊本,8,熊本北,2013
熊本県立宇土高等学校,,熊本,8,宇土,2013
秀岳館高等学校,,熊本,8,秀岳館,2013
ルーテル学院高等学校,,熊本,8,ルーテル学院,2013
明豊高等学校,8,大分,1,明豊,2017
大分県立大分商業高等学校,,大分,2,大分商,2017
大分県立大分舞鶴高等学校,,大分,4,大分舞鶴,2017
柳ケ浦高等学校,,大分,4,柳ヶ浦,2017
大分県立中津南高等学校,,大分,8,中津南,2017
大分東明高等学校,,大分,8,大分東明,2017
大分県立日田林工高等学校,,大分,8,日田林工,2017
大分高等学校,,大分,8,大分,2017
大分高等学校,64,大分,1,大分,2016
大分県立佐伯鶴城高等学校,,大分,2,佐伯鶴城,2016
大分県立臼杵高等学校,,大分,4,臼杵,2016
藤蔭高等学校,,大分,4,藤蔭,2016
大分県立情報科学高等学校,,大分,8,情報科学,2016
大分県立津久見高等学校,,大分,8,津久見,2016
大分県立大分工業高等学校,,大分,8,大分工,2016
明豊高等学校,,大分,8,明豊,2016
明豊高等学校,64,大分,1,明豊,2015
大分県立大分商業高等学校,,大分,2,大分商,2015
柳ケ浦高等学校,,大分,4,柳ヶ浦,2015
大分県立杵築高等学校,,大分,4,杵築,2015
大分県立宇佐高等学校,,大分,8,宇佐,2015
大分県立鶴崎工業高等学校,,大分,8,鶴崎工,2015
大分県立大分上野丘高等学校,,大分,8,大分上野丘,2015
大分県立佐伯鶴城高等学校,,大分,8,佐伯鶴城,2015
大分高等学校,64,大分,1,大分,2014
明豊高等学校,,大分,2,明豊,2014
大分県立杵築高等学校,,大分,4,杵築,2014
大分県立大分上野丘高等学校,,大分,4,大分上野丘,2014
大分県立大分商業高等学校,,大分,8,大分商,2014
大分工業高等専門学校,,大分,8,大分高専,2014
藤蔭高等学校,,大分,8,藤蔭,2014
大分県立中津東高等学校,,大分,8,中津東,2014
大分県立大分商業高等学校,64,大分,1,大分商,2013
大分県立大分上野丘高等学校,,大分,2,大分上野丘,2013
大分高等学校,,大分,4,大分,2013
明豊高等学校,,大分,4,明豊,2013
大分県立大分雄城台高等学校,,大分,8,大分雄城台,2013
,,大分,8,別府青山,2013
柳ケ浦高等学校,,大分,8,柳ヶ浦,2013
大分県立佐伯鶴城高等学校,,大分,8,佐伯鶴城,2013
聖心ウルスラ学園高等学校,32,宮崎,1,聖心ウルスラ,2017
日向学院高等学校,,宮崎,2,日向学院,2017
宮崎県立都城商業高等学校,,宮崎,4,都城商,2017
宮崎日本大学高等学校,,宮崎,4,宮崎日大,2017
宮崎県立高千穂高等学校,,宮崎,8,高千穂,2017
宮崎県立宮崎南高等学校,,宮崎,8,宮崎南,2017
宮崎学園高等学校,,宮崎,8,宮崎学園,2017
鵬翔高等学校,,宮崎,8,鵬翔,2017
日南学園高等学校,16,宮崎,1,日南学園,2016
宮崎県立宮崎商業高等学校,,宮崎,2,宮崎商,2016
宮崎県立宮崎大宮高等学校,,宮崎,4,宮崎大宮,2016
宮崎県立宮崎工業高等学校,,宮崎,4,宮崎工,2016
宮崎県立富島高等学校,,宮崎,8,富島,2016
宮崎県立佐土原高等学校,,宮崎,8,佐土原,2016
宮崎日本大学高等学校,,宮崎,8,宮崎日大,2016
鵬翔高等学校,,宮崎,8,鵬翔,2016
宮崎日本大学高等学校,64,宮崎,1,宮崎日大,2015
宮崎学園高等学校,,宮崎,2,宮崎学園,2015
宮崎県立都城商業高等学校,,宮崎,4,都城商,2015
聖心ウルスラ学園高等学校,,宮崎,4,聖心ウルスラ,2015
私立宮崎第一高等学校,,宮崎,8,宮崎第一,2015
宮崎県立宮崎商業高等学校,,宮崎,8,宮崎商,2015
延岡学園高等学校,,宮崎,8,延岡学園,2015
都城高等学校,,宮崎,8,都城,2015
日南学園高等学校,64,宮崎,1,日南学園,2014
日章学園高等学校,,宮崎,2,日章学園,2014
宮崎日本大学高等学校,,宮崎,4,宮崎日大,2014
宮崎県立延岡工業高等学校,,宮崎,4,延岡工,2014
宮崎県立佐土原高等学校,,宮崎,8,佐土原,2014
宮崎県立宮崎大宮高等学校,,宮崎,8,宮崎大宮,2014
宮崎県立延岡星雲高等学校,,宮崎,8,延岡星雲,2014
宮崎県立延岡商業高等学校,,宮崎,8,延岡商,2014
延岡学園高等学校,4,宮崎,1,延岡学園,2013
聖心ウルスラ学園高等学校,,宮崎,2,聖心ウルスラ,2013
宮崎県立宮崎商業高等学校,,宮崎,4,宮崎商,2013
日南学園高等学校,,宮崎,4,日南学園,2013
宮崎県立宮崎大宮高等学校,,宮崎,8,宮崎大宮,2013
私立宮崎第一高等学校,,宮崎,8,宮崎第一,2013
鵬翔高等学校,,宮崎,8,鵬翔,2013
宮崎県立宮崎南高等学校,,宮崎,8,宮崎南,2013
神村学園高等部,16,鹿児島,1,神村学園,2017
鹿児島高等学校,,鹿児島,2,鹿児島,2017
鹿屋中央高等学校,,鹿児島,4,鹿屋中央,2017
樟南高等学校,,鹿児島,4,樟南,2017
東京都立大島高等学校,,鹿児島,8,都立大島,2017
鹿児島県立川内商工高等学校,,鹿児島,8,川内商工,2017
鹿児島実業高等学校,,鹿児島,8,鹿児島実,2017
鹿児島城西高等学校,,鹿児島,8,鹿児島城西,2017
樟南高等学校,32,鹿児島,1,樟南,2016
鹿児島実業高等学校,,鹿児島,2,鹿児島実,2016
鹿児島県立志布志高等学校,,鹿児島,4,志布志,2016
鹿児島県立川内高等学校,,鹿児島,4,川内,2016
鹿児島県立薩南工業高等学校,,鹿児島,8,薩南工,2016
れいめい高等学校,,鹿児島,8,れいめい,2016
神村学園高等部,,鹿児島,8,神村学園,2016
鹿児島県立鹿児島工業高等学校,,鹿児島,8,鹿児島工,2016
鹿児島実業高等学校,32,鹿児島,1,鹿児島実,2015
鹿児島城西高等学校,,鹿児島,2,鹿児島城西,2015
神村学園高等部,,鹿児島,4,神村学園,2015
鹿児島情報高等学校,,鹿児島,4,鹿児島情報,2015
霧島市立国分中央高等学校,,鹿児島,8,国分中央,2015
鹿児島県立鶴丸高等学校,,鹿児島,8,鶴丸,2015
鹿児島県立徳之島高等学校,,鹿児島,8,徳之島,2015
出水中央高等学校,,鹿児島,8,出水中央,2015
鹿屋中央高等学校,32,鹿児島,1,鹿屋中央,2014
神村学園高等部,,鹿児島,2,神村学園,2014
鹿児島県立鹿屋高等学校,,鹿児島,4,鹿屋,2014
霧島市立国分中央高等学校,,鹿児島,4,国分中央,2014
鹿児島実業高等学校,,鹿児島,8,鹿児島実,2014
鹿児島県立川内高等学校,,鹿児島,8,川内,2014
鹿児島情報高等学校,,鹿児島,8,鹿児島情報,2014
鹿児島県立川内商工高等学校,,鹿児島,8,川内商工,2014
樟南高等学校,32,鹿児島,1,樟南,2013
鹿児島実業高等学校,,鹿児島,2,鹿児島実,2013
鹿児島情報高等学校,,鹿児島,4,鹿児島情報,2013
鹿児島県立鹿屋工業高等学校,,鹿児島,4,鹿屋工,2013
神村学園高等部,,鹿児島,8,神村学園,2013
鹿屋中央高等学校,,鹿児島,8,鹿屋中央,2013
霧島市立国分中央高等学校,,鹿児島,8,国分中央,2013
鹿児島県立鹿児島中央高等学校,,鹿児島,8,鹿児島中央,2013
興南高等学校,64,沖縄,1,興南,2017
沖縄県立美来工科高等学校,,沖縄,2,美来工科,2017
沖縄県立八重山農林高等学校,,沖縄,4,八重山農林,2017
沖縄県立糸満高等学校,,沖縄,4,糸満,2017
沖縄尚学高等学校,,沖縄,8,沖縄尚学,2017
沖縄県立浦添商業高等学校,,沖縄,8,浦添商,2017
沖縄県立宜野座高等学校,,沖縄,8,宜野座,2017
岩手県立宮古高等学校,,沖縄,8,宮古,2017
沖縄県立嘉手納高等学校,16,沖縄,1,嘉手納,2016
沖縄県立美里工業高等学校,,沖縄,2,美里工,2016
沖縄県立小禄高等学校,,沖縄,4,小禄,2016
沖縄県立那覇西高等学校,,沖縄,4,那覇西,2016
沖縄県立前原高等学校,,沖縄,8,前原,2016
沖縄県立八重山商工高等学校,,沖縄,8,八重山商工,2016
沖縄県立宜野座高等学校,,沖縄,8,宜野座,2016
沖縄県立那覇商業高等学校,,沖縄,8,那覇商,2016
興南高等学校,8,沖縄,1,興南,2015
沖縄県立糸満高等学校,,沖縄,2,糸満,2015
沖縄尚学高等学校,,沖縄,4,沖縄尚学,2015
沖縄県立具志川商業高等学校,,沖縄,4,具志川商,2015
沖縄県立宮古高等学校,,沖縄,8,宮古,2015
沖縄県立八重山高等学校,,沖縄,8,八重山,2015
沖縄県立普天間高等学校,,沖縄,8,普天間,2015
沖縄県立知念高等学校,,沖縄,8,知念,2015
沖縄尚学高等学校,8,沖縄,1,沖縄尚学,2014
沖縄県立糸満高等学校,,沖縄,2,糸満,2014
沖縄県立浦添商業高等学校,,沖縄,4,浦添商,2014
沖縄県立宜野座高等学校,,沖縄,4,宜野座,2014
沖縄県立嘉手納高等学校,,沖縄,8,嘉手納,2014
沖縄県立美里工業高等学校,,沖縄,8,美里工,2014
沖縄県立知念高等学校,,沖縄,8,知念,2014
沖縄県立読谷高等学校,,沖縄,8,読谷,2014
沖縄尚学高等学校,32,沖縄,1,沖縄尚学,2013
沖縄県立美里工業高等学校,,沖縄,2,美里工,2013
沖縄県立真和志高等学校,,沖縄,2,真和志,2013
沖縄県立八重山高等学校,,沖縄,4,八重山,2013
沖縄県立糸満高等学校,,沖縄,8,糸満,2013
沖縄県立美里高等学校,,沖縄,8,美里,2013
沖縄県立浦添商業高等学校,,沖縄,8,浦添商,2013
沖縄県立南風原高等学校,,沖縄,8,南風原,2013
